Time(s),Setpoint (C),Temperature (C),TotalOutput (%),PIDOutput (%)
1.1924552917480469,0.0,23.07499885559082,0.0,0.0
1.3068344593048096,0.0,23.142498016357422,0.0,0.0
1.4092938899993896,0.0,23.228246688842773,0.0,0.0
1.517153263092041,0.0,23.28042221069336,0.0,0.0
1.6381819248199463,0.0,23.302379608154297,0.0,0.0
1.7557203769683838,0.0,23.34714126586914,0.0,0.0
1.8596370220184326,0.0,23.337427139282227,0.0,0.0
1.9719171524047852,0.0,23.37868309020996,0.0,0.0
2.084559440612793,0.0,23.415813446044922,0.0,0.0
2.18624210357666,0.0,23.44923210144043,0.0,0.0
2.304788112640381,0.0,23.47930908203125,0.0,0.0
2.40498685836792,0.0,23.48137855529785,0.0,0.0
2.6013262271881104,0.0,23.50823974609375,0.0,0.0
2.8224806785583496,0.0,23.53241539001465,0.0,0.0
3.048243761062622,0.0,23.504173278808594,0.0,0.0
3.2727856636047363,0.0,23.478755950927734,0.0,0.0
3.498229503631592,0.0,23.50588035583496,0.0,0.0
3.723341703414917,0.0,23.48029327392578,0.0,0.0
3.948845624923706,0.0,23.457263946533203,0.0,0.0
4.173898220062256,0.0,23.48653793334961,0.0,0.0
4.399254322052002,0.0,23.487884521484375,0.0,0.0
4.624310493469238,0.0,23.464096069335938,0.0,0.0
4.850370645523071,0.0,23.442686080932617,0.0,0.0
5.075143575668335,0.0,23.39841651916504,0.0,0.0
5.3005595207214355,0.0,23.35857391357422,0.0,0.0
5.5255677700042725,0.0,23.372716903686523,0.0,0.0
5.751202344894409,0.0,23.360445022583008,0.0,0.0
5.976180791854858,0.0,23.374401092529297,0.0,0.0
6.201699733734131,0.0,23.386960983276367,0.0,0.0
6.427252531051636,0.0,23.37326431274414,0.0,0.0
6.651766300201416,0.0,23.360939025878906,0.0,0.0
6.877346038818359,0.0,23.29984474182129,0.0,0.0
7.102719068527222,0.0,23.344860076904297,0.0,0.0
7.328220367431641,0.0,23.385374069213867,0.0,0.0
7.5533576011657715,0.0,23.421836853027344,0.0,0.0
7.778389930725098,0.0,23.404653549194336,0.0,0.0
8.00351595878601,0.0,23.43918800354004,0.0,0.0
8.229379177093506,0.0,23.395267486572266,0.0,0.0
8.450285196304321,0.0,23.40574073791504,0.0,0.0
8.675382614135742,0.0,23.4151668548584,0.0,0.0
8.900906324386597,0.0,23.42365074157715,0.0,0.0
9.126224517822266,0.0,23.45628547668457,0.0,0.0
9.351048707962036,0.0,23.460657119750977,0.0,0.0
9.576417207717896,0.0,23.46459197998047,0.0,0.0
9.802149534225464,0.0,23.443132400512695,0.0,0.0
10.027312517166138,0.0,23.39881706237793,0.0,0.0
10.252241134643555,0.0,23.383935928344727,0.0,0.0
10.477567911148071,0.0,23.34554100036621,0.0,0.0
10.702996730804443,0.0,23.335987091064453,0.0,0.0
10.928230047225952,0.0,23.352388381958008,0.0,0.0
11.153280258178711,0.0,23.392148971557617,0.0,0.0
11.378301858901978,0.0,23.377933502197266,0.0,0.0
11.60429072380066,0.0,23.390140533447266,0.0,0.0
11.82879900932312,0.0,23.376127243041992,0.0,0.0
12.054541826248169,0.0,23.363513946533203,0.0,0.0
12.280158996582031,0.0,23.352163314819336,0.0,0.0
12.505303621292114,0.0,23.316946029663086,0.0,0.0
12.730288028717041,0.0,23.310251235961914,0.0,0.0
12.95517349243164,0.0,23.329225540161133,0.0,0.0
13.181268453598022,0.0,23.296300888061523,0.0,0.0
13.401990175247192,0.0,23.31667137145996,0.0,0.0
13.630976676940918,0.0,23.335004806518555,0.0,0.0
13.856450080871582,0.0,23.376502990722656,0.0,0.0
14.0820152759552,0.0,23.388853073120117,0.0,0.0
14.303022146224976,0.0,23.399967193603516,0.0,0.0
14.528128623962402,0.0,23.43497085571289,0.0,0.0
14.753516674041748,0.0,23.366472244262695,0.0,0.0
14.979272365570068,0.0,23.40482521057129,0.0,0.0
15.203899621963501,0.0,23.364341735839844,0.0,0.0
15.42927360534668,0.0,23.377906799316406,0.0,0.0
15.65482783317566,0.0,23.365116119384766,0.0,0.0
15.880375385284424,0.0,23.328603744506836,0.0,0.0
16.105020999908447,0.0,23.34574317932129,0.0,0.0
16.330524921417236,0.0,23.386167526245117,0.0,0.0
16.555499792099,0.0,23.397550582885742,0.0,0.0
16.780652284622192,0.0,23.407794952392578,0.0,0.0
17.005913734436035,0.0,23.34201431274414,0.0,0.0
17.231360912322998,0.0,23.332813262939453,0.0,0.0
17.45647931098938,0.0,23.299530029296875,0.0,0.0
17.682233095169067,0.0,23.29457664489746,0.0,0.0
17.90696144104004,0.0,23.290119171142578,0.0,0.0
18.132657289505005,0.0,23.21110725402832,0.0,0.0
18.35818099975586,0.0,23.264995574951172,0.0,0.0
18.58324122428894,0.0,23.238494873046875,0.0,0.0
18.808100700378418,0.0,23.264644622802734,0.0,0.0
19.033816814422607,0.0,23.263179779052734,0.0,0.0
19.255248546600342,0.0,23.236860275268555,0.0,0.0
19.484219551086426,0.0,23.28817367553711,0.0,0.0
19.70938539505005,0.0,23.28435707092285,0.0,0.0
19.935206413269043,0.0,23.30592155456543,0.0,0.0
20.16000771522522,0.0,23.300329208374023,0.0,0.0
20.385270833969116,0.0,23.345294952392578,0.0,0.0
20.610471963882446,0.0,23.36076545715332,0.0,0.0
20.831878662109375,0.0,23.37468910217285,0.0,0.0
21.056641817092896,0.0,23.38722038269043,0.0,0.0
21.282341241836548,0.0,23.39849853515625,0.0,0.0
21.511307954788208,0.0,23.383649826049805,0.0,0.0
21.733262062072754,0.0,23.34528350830078,0.0,0.0
21.95811367034912,0.0,23.360755920410156,0.0,0.0
22.18345022201538,0.0,23.374679565429688,0.0,0.0
22.408599615097046,0.0,23.387210845947266,0.0,0.0
22.63356065750122,0.0,23.373489379882812,0.0,0.0
22.85922074317932,0.0,23.386140823364258,0.0,0.0
23.084477424621582,0.0,23.397525787353516,0.0,0.0
23.309462785720825,0.0,23.382774353027344,0.0,0.0
23.535072803497314,0.0,23.39449691772461,0.0,0.0
23.760252237319946,0.0,23.355045318603516,0.0,0.0
23.98548173904419,0.0,23.36954116821289,0.0,0.0
24.210427284240723,0.0,23.382587432861328,0.0,0.0
24.435898542404175,0.0,23.394329071044922,0.0,0.0
24.661214590072632,0.0,23.429895401000977,0.0,0.0
24.886604070663452,0.0,23.436904907226562,0.0,0.0
25.112165451049805,0.0,23.418214797973633,0.0,0.0
25.337374448776245,0.0,23.426393508911133,0.0,0.0
25.56230664253235,0.0,23.433753967285156,0.0,0.0
25.787339687347412,0.0,23.465377807617188,0.0,0.0
26.0124831199646,0.0,23.468839645385742,0.0,0.0
26.238436937332153,0.0,23.471956253051758,0.0,0.0
26.463480472564697,0.0,23.474760055541992,0.0,0.0
26.684282779693604,0.0,23.377283096313477,0.0,0.0
26.91029381752014,0.0,23.36455535888672,0.0,0.0
27.135425090789795,0.0,23.303098678588867,0.0,0.0
27.360021352767944,0.0,23.32278823852539,0.0,0.0
27.58576726913452,0.0,23.34050941467285,0.0,0.0
27.810755729675293,0.0,23.331459045410156,0.0,0.0
28.036198616027832,0.0,23.298311233520508,0.0,0.0
28.26119065284729,0.0,23.268478393554688,0.0,0.0
28.486393451690674,0.0,23.291629791259766,0.0,0.0
28.712254285812378,0.0,23.312467575073242,0.0,0.0
28.937003135681152,0.0,23.331220626831055,0.0,0.0
29.162440538406372,0.0,23.348098754882812,0.0,0.0
29.387808322906494,0.0,23.36328887939453,0.0,0.0
29.613258123397827,0.0,23.32695960998535,0.0,0.0
29.83843159675598,0.0,23.344263076782227,0.0,0.0
30.06380009651184,0.0,23.284835815429688,0.0,0.0
30.288746118545532,0.0,23.306352615356445,0.0,0.0
30.513936042785645,0.0,23.32571792602539,0.0,0.0
30.739370346069336,0.0,23.318145751953125,0.0,0.0
30.965120315551758,0.0,23.311330795288086,0.0,0.0
31.189794301986694,0.0,23.330198287963867,0.0,0.0
31.415260791778564,0.0,23.347177505493164,0.0,0.0
31.64032816886902,0.0,23.38745880126953,0.0,0.0
31.866270780563354,0.0,23.398712158203125,0.0,0.0
32.09070801734924,0.0,23.383840560913086,0.0,0.0
32.31213903427124,0.0,23.395456314086914,0.0,0.0
32.53754448890686,0.0,23.40591049194336,0.0,0.0
32.76243734359741,0.0,23.39031982421875,0.0,0.0
32.987963914871216,0.0,23.401287078857422,0.0,0.0
33.21329355239868,0.0,23.4361572265625,0.0,0.0
33.43820762634277,0.0,23.41754150390625,0.0,0.0
33.66433906555176,0.0,23.37578582763672,0.0,0.0
33.8888041973114,0.0,23.388206481933594,0.0,0.0
34.11439800262451,0.0,23.399385452270508,0.0,0.0
34.33949661254883,0.0,23.434446334838867,0.0,0.0
34.564828634262085,0.0,23.41600227355957,0.0,0.0
34.789968967437744,0.0,23.424402236938477,0.0,0.0
35.015326738357544,0.0,23.431961059570312,0.0,0.0
35.24037957191467,0.0,23.438764572143555,0.0,0.0
35.46637225151062,0.0,23.444887161254883,0.0,0.0
35.69117188453674,0.0,23.450397491455078,0.0,0.0
35.916454792022705,0.0,23.405357360839844,0.0,0.0
36.1422643661499,0.0,23.36482048034668,0.0,0.0
36.36717200279236,0.0,23.378337860107422,0.0,0.0
36.59203767776489,0.0,23.36550521850586,0.0,0.0
36.81775665283203,0.0,23.32895278930664,0.0,0.0
37.04258704185486,0.0,23.346057891845703,0.0,0.0
37.26815915107727,0.0,23.311450958251953,0.0,0.0
37.49300193786621,0.0,23.280303955078125,0.0,0.0
37.71875882148743,0.0,23.277273178100586,0.0,0.0
37.943931579589844,0.0,23.299545288085938,0.0,0.0
38.165345668792725,0.0,23.294591903686523,0.0,0.0
38.39015483856201,0.0,23.290132522583008,0.0,0.0
38.615631341934204,0.0,23.28611946105957,0.0,0.0
38.840699434280396,0.0,23.33250617980957,0.0,0.0
39.066327810287476,0.0,23.324254989624023,0.0,0.0
39.29121446609497,0.0,23.316829681396484,0.0,0.0
39.516749143600464,0.0,23.360145568847656,0.0,0.0
39.74217367172241,0.0,23.349130630493164,0.0,0.0
39.96726870536804,0.0,23.36421775817871,0.0,0.0
40.1923885345459,0.0,23.402795791625977,0.0,0.0
40.418272256851196,0.0,23.36251449584961,0.0,0.0
40.643187522888184,0.0,23.376262664794922,0.0,0.0
40.86817502975464,0.0,23.388635635375977,0.0,0.0
41.093491554260254,0.0,23.39977264404297,0.0,0.0
41.318649768829346,0.0,23.384796142578125,0.0,0.0
41.544267416000366,0.0,23.37131690979004,0.0,0.0
41.76936149597168,0.0,23.35918617248535,0.0,0.0
41.994749307632446,0.0,23.39826774597168,0.0,0.0
42.22038388252258,0.0,23.4084415435791,0.0,0.0
42.445268869400024,0.0,23.367595672607422,0.0,0.0
42.670132637023926,0.0,23.380836486816406,0.0,0.0
42.896217346191406,0.0,23.39275360107422,0.0,0.0
43.121092081069946,0.0,23.37847900390625,0.0,0.0
43.34620022773743,0.0,23.365631103515625,0.0,0.0
43.57149934768677,0.0,23.404067993164062,0.0,0.0
43.79690670967102,0.0,23.438661575317383,0.0,0.0
44.02194881439209,0.0,23.444795608520508,0.0,0.0
44.24694204330444,0.0,23.425315856933594,0.0,0.0
44.47230839729309,0.0,23.45778465270996,0.0,0.0
44.693668842315674,0.0,23.462005615234375,0.0,0.0
44.91909885406494,0.0,23.49080467224121,0.0,0.0
45.1484956741333,0.0,23.491724014282227,0.0,0.0
45.373464584350586,0.0,23.492551803588867,0.0,0.0
45.59490776062012,0.0,23.46829605102539,0.0,0.0
45.82016921043396,0.0,23.471466064453125,0.0,0.0
46.045435190200806,0.0,23.474319458007812,0.0,0.0
46.2709219455719,0.0,23.476886749267578,0.0,0.0
46.495893716812134,0.0,23.429197311401367,0.0,0.0
46.72076106071472,0.0,23.46127700805664,0.0,0.0
46.94622254371643,0.0,23.41514778137207,0.0,0.0
47.17139458656311,0.0,23.423633575439453,0.0,0.0
47.39720106124878,0.0,23.381269454956055,0.0,0.0
47.62202548980713,0.0,23.393142700195312,0.0,0.0
47.84756827354431,0.0,23.378828048706055,0.0,0.0
48.0726375579834,0.0,23.390945434570312,0.0,0.0
48.29819989204407,0.0,23.37685203552246,0.0,0.0
48.52305626869202,0.0,23.3891658782959,0.0,0.0
48.74821329116821,0.0,23.400249481201172,0.0,0.0
48.973557233810425,0.0,23.335224151611328,0.0,0.0
49.19937467575073,0.0,23.351701736450195,0.0,0.0
49.424394369125366,0.0,23.391530990600586,0.0,0.0
49.64941120147705,0.0,23.40237808227539,0.0,0.0
49.8752658367157,0.0,23.362138748168945,0.0,0.0
50.10033059120178,0.0,23.400924682617188,0.0,0.0
50.325217962265015,0.0,23.385831832885742,0.0,0.0
50.546868324279785,0.0,23.42224884033203,0.0,0.0
50.77169585227966,0.0,23.45502281188965,0.0,0.0
51.001330852508545,0.0,23.58452033996582,0.0,0.0
51.2222535610199,0.0,23.7260684967041,0.0,0.0
51.4481475353241,0.0,23.903459548950195,0.0,0.0
51.67274570465088,0.0,24.138113021850586,0.0,0.0
51.89838647842407,0.0,24.349300384521484,0.0,0.0
52.123329877853394,0.0,24.489370346069336,0.0,0.0
52.348862648010254,0.0,24.66543197631836,0.0,0.0
52.57374429702759,0.0,24.87388801574707,0.0,0.0
52.79944157600403,0.0,25.136499404907227,0.0,0.0
53.024569511413574,0.0,25.372848510742188,0.0,0.0
53.2504518032074,0.0,25.535564422607422,0.0,0.0
53.47522807121277,0.0,25.707008361816406,0.0,0.0
53.700433015823364,0.0,25.886306762695312,0.0,0.0
53.925681829452515,0.0,26.097675323486328,0.0,0.0
54.151328802108765,0.0,26.312908172607422,0.0,0.0
54.37614035606384,0.0,26.5316162109375,0.0,0.0
54.60150218009949,0.0,26.703454971313477,0.0,0.0
54.82658576965332,0.0,26.908109664916992,0.0,0.0
55.052491188049316,0.0,27.142297744750977,0.0,0.0
55.27732872962952,0.0,27.27806854248047,0.0,0.0
55.50249719619751,0.0,27.425260543823242,0.0,0.0
55.72826933860779,0.0,27.632734298706055,0.0,0.0
55.95300626754761,0.0,27.79446029663086,0.0,0.0
56.17414975166321,0.0,27.940011978149414,0.0,0.0
56.39973258972168,0.0,28.071008682250977,0.0,0.0
56.625189542770386,0.0,28.188905715942383,0.0,0.0
56.85033869743347,0.0,28.295013427734375,0.0,0.0
57.07495713233948,0.0,28.39051055908203,0.0,0.0
57.300803661346436,0.0,28.451457977294922,0.0,0.0
57.52597761154175,0.0,28.506311416625977,0.0,0.0
57.75128364562988,0.0,28.555679321289062,0.0,0.0
57.97633409500122,0.0,28.550111770629883,0.0,0.0
58.20152926445007,0.0,28.545101165771484,0.0,0.0
58.42700505256653,0.0,28.565589904785156,0.0,0.0
58.652352809906006,0.0,28.584030151367188,0.0,0.0
58.87736105918884,0.0,28.575626373291016,0.0,0.0
59.10288739204407,0.0,28.518062591552734,0.0,0.0
59.328147888183594,0.0,28.441255569458008,0.0,0.0
59.55300712585449,0.0,28.422130584716797,0.0,0.0
59.77861428260803,0.0,28.379915237426758,0.0,0.0
60.00369596481323,0.0,28.316923141479492,0.0,0.0
60.22921633720398,0.0,28.285228729248047,0.0,0.0
60.45432233810425,0.0,28.231704711914062,0.0,0.0
60.67966985702515,0.0,28.18353271484375,0.0,0.0
60.904566287994385,0.0,28.140178680419922,0.0,0.0
61.130215644836426,0.0,28.05116081237793,0.0,0.0
61.35513663291931,0.0,28.02104377746582,0.0,0.0
61.580838680267334,0.0,27.943939208984375,0.0,0.0
61.80565571784973,0.0,27.949542999267578,0.0,0.0
62.026893615722656,0.0,27.979589462280273,0.0,0.0
62.252461671829224,0.0,27.956628799438477,0.0,0.0
62.47813701629639,0.0,28.08596420288086,0.0,0.0
62.703216791152954,0.0,28.177366256713867,0.0,0.0
62.932403564453125,0.0,28.40962791442871,0.0,0.0
63.157604455947876,0.0,28.668664932250977,0.0,0.0
63.383225440979004,0.0,28.976797103881836,0.0,0.0
63.604490756988525,0.0,29.329116821289062,0.0,0.0
63.8292920589447,0.0,29.646203994750977,0.0,0.0
64.05411195755005,0.0,29.981582641601562,0.0,0.0
64.27951908111572,0.0,30.333423614501953,0.0,0.0
64.50474214553833,0.0,30.725080490112305,0.0,0.0
64.72994637489319,0.0,31.10257339477539,0.0,0.0
64.95541834831238,0.0,31.542314529418945,0.0,0.0
65.18071818351746,0.0,31.988082885742188,0.0,0.0
65.40595006942749,0.0,32.414276123046875,0.0,0.0
65.63139486312866,0.0,32.84784698486328,0.0,0.0
65.85635948181152,0.0,33.31306076049805,0.0,0.0
66.08214783668518,0.0,33.65675354003906,0.0,0.0
66.30692458152771,0.0,34.1160774230957,0.0,0.0
66.53233289718628,0.0,34.55447006225586,0.0,0.0
66.75812888145447,0.0,35.02402114868164,0.0,0.0
66.98264026641846,0.0,35.49661636352539,0.0,0.0
67.2082028388977,0.0,35.94695281982422,0.0,0.0
67.4337546825409,0.0,36.40225601196289,0.0,0.0
67.65902876853943,0.0,36.81202697753906,0.0,0.0
67.88424897193909,0.0,37.25582504272461,0.0,0.0
68.10918879508972,0.0,37.70524215698242,0.0,0.0
68.33485698699951,0.0,38.13471603393555,0.0,0.0
68.55565237998962,0.0,38.49624252319336,0.0,0.0
68.78532457351685,0.0,38.8966178894043,0.0,0.0
69.01041960716248,0.0,39.23195266723633,0.0,0.0
69.23544120788574,0.0,39.633758544921875,0.0,0.0
69.45654678344727,0.0,40.020381927490234,0.0,0.0
69.68225193023682,0.0,40.36833953857422,0.0,0.0
69.90735864639282,0.0,40.73150634765625,0.0,0.0
70.13311505317688,0.0,40.98335647583008,0.0,0.0
70.35768389701843,0.0,41.310020446777344,0.0,0.0
70.58305335044861,0.0,41.6290168762207,0.0,0.0
70.80816793441772,0.0,41.916114807128906,0.0,0.0
71.03380918502808,0.0,42.174503326416016,0.0,0.0
71.25920057296753,0.0,42.40705108642578,0.0,0.0
71.48429083824158,0.0,42.69134521484375,0.0,0.0
71.70952272415161,0.0,42.97220993041992,0.0,0.0
71.93525290489197,0.0,43.274986267089844,0.0,0.0
72.16035890579224,0.0,43.572486877441406,0.0,0.0
72.38521194458008,0.0,43.81523513793945,0.0,0.0
72.61067771911621,0.0,44.13371276855469,0.0,0.0
72.83603096008301,0.0,44.39533996582031,0.0,0.0
73.06115508079529,0.0,44.65580749511719,0.0,0.0
73.28652501106262,0.0,44.96522903442383,0.0,0.0
73.51220440864563,0.0,45.21870422363281,0.0,0.0
73.73688387870789,0.0,45.49683380126953,0.0,0.0
73.96226954460144,0.0,45.797149658203125,0.0,0.0
74.18745827674866,0.0,46.117435455322266,0.0,0.0
74.40921998023987,0.0,46.43069076538086,0.0,0.0
74.63431453704834,0.0,46.71261978149414,0.0,0.0
74.86340022087097,0.0,46.96635437011719,0.0,0.0
75.0846312046051,0.0,47.24471664428711,0.0,0.0
75.30959677696228,0.0,47.52024459838867,0.0,0.0
75.53519177436829,0.0,47.79322052001953,0.0,0.0
75.76022243499756,0.0,48.03889846801758,0.0,0.0
75.98569941520691,0.0,48.28500747680664,0.0,0.0
76.21129059791565,0.0,48.5315055847168,0.0,0.0
76.43577861785889,0.0,48.778350830078125,0.0,0.0
76.66140389442444,0.0,49.0255126953125,0.0,0.0
76.88663864135742,0.0,49.24795913696289,0.0,0.0
77.11188817024231,0.0,49.44816207885742,0.0,0.0
77.33719086647034,0.0,49.6783447265625,0.0,0.0
77.56248307228088,0.0,49.8855094909668,0.0,0.0
77.78763890266418,0.0,50.09695816040039,0.0,0.0
78.01265478134155,0.0,50.312259674072266,0.0,0.0
78.2380473613739,0.0,50.431034088134766,0.0,0.0
78.46352243423462,0.0,50.6379280090332,0.0,0.0
78.68851685523987,0.0,50.824134826660156,0.0,0.0
78.91433930397034,0.0,50.96671676635742,0.0,0.0
79.13901376724243,0.0,51.14504623413086,0.0,0.0
79.36461901664734,0.0,51.280540466308594,0.0,0.0
79.58954548835754,0.0,51.427486419677734,0.0,0.0
79.81535649299622,0.0,51.55973815917969,0.0,0.0
80.03640961647034,0.0,51.728763580322266,0.0,0.0
80.26175713539124,0.0,51.88088607788086,0.0,0.0
80.48660278320312,0.0,52.04279327392578,0.0,0.0
80.71627426147461,0.0,52.2135124206543,0.0,0.0
80.9375548362732,0.0,52.39216232299805,0.0,0.0
81.16322493553162,0.0,52.577945709228516,0.0,0.0
81.38782334327698,0.0,52.720149993896484,0.0,0.0
81.61327075958252,0.0,52.898136138916016,0.0,0.0
81.8382477760315,0.0,53.10832214355469,0.0,0.0
82.06392765045166,0.0,53.297489166259766,0.0,0.0
82.28876376152039,0.0,53.492740631103516,0.0,0.0
82.51431107521057,0.0,53.718467712402344,0.0,0.0
82.73925948143005,0.0,53.8966178894043,0.0,0.0
82.96482229232788,0.0,54.08195495605469,0.0,0.0
83.18989419937134,0.0,54.27375793457031,0.0,0.0
83.41539788246155,0.0,54.446380615234375,0.0,0.0
83.6406683921814,0.0,54.626739501953125,0.0,0.0
83.86601853370667,0.0,54.814064025878906,0.0,0.0
84.09080147743225,0.0,54.932655334472656,0.0,0.0
84.31658744812012,0.0,55.064388275146484,0.0,0.0
84.54138803482056,0.0,55.25794982910156,0.0,0.0
84.76692342758179,0.0,55.4571533203125,0.0,0.0
84.99221110343933,0.0,55.6114387512207,0.0,0.0
85.21750593185425,0.0,55.80029296875,0.0,0.0
85.44312810897827,0.0,55.97026062011719,0.0,0.0
85.66787815093994,0.0,56.123233795166016,0.0,0.0
85.89325261116028,0.0,56.26091003417969,0.0,0.0
86.11871337890625,0.0,56.35981750488281,0.0,0.0
86.34392094612122,0.0,56.47383499145508,0.0,0.0
86.5692765712738,0.0,56.57645034790039,0.0,0.0
86.79406690597534,0.0,56.69380569458008,0.0,0.0
87.01927471160889,0.0,56.7994270324707,0.0,0.0
87.24516820907593,0.0,56.89448547363281,0.0,0.0
87.46637558937073,0.0,56.980037689208984,0.0,0.0
87.69124555587769,0.0,57.13203048706055,0.0,0.0
87.91673588752747,0.0,57.19382858276367,0.0,0.0
88.14220309257507,0.0,57.29944610595703,0.0,0.0
88.3668565750122,0.0,57.36949920654297,0.0,0.0
88.59244704246521,0.0,57.457550048828125,0.0,0.0
88.81790494918823,0.0,57.486793518066406,0.0,0.0
89.04302906990051,0.0,57.588111877441406,0.0,0.0
89.26778197288513,0.0,57.679298400878906,0.0,0.0
89.49346613883972,0.0,57.7863655090332,0.0,0.0
89.71849489212036,0.0,57.85772705078125,0.0,0.0
89.94429874420166,0.0,57.94695281982422,0.0,0.0
90.16902327537537,0.0,58.02725601196289,0.0,0.0
90.39461207389832,0.0,58.074527740478516,0.0,0.0
90.62050104141235,0.0,58.11707305908203,0.0,0.0
90.84514141082764,0.0,58.180362701416016,0.0,0.0
91.07023692131042,0.0,58.23732376098633,0.0,0.0
91.29580426216125,0.0,58.31359100341797,0.0,0.0
91.52053546905518,0.0,58.35723114013672,0.0,0.0
91.74589896202087,0.0,58.37150573730469,0.0,0.0
91.97128939628601,0.0,58.434356689453125,0.0,0.0
92.19715094566345,0.0,58.465919494628906,0.0,0.0
92.42185854911804,0.0,58.51932907104492,0.0,0.0
92.64722275733948,0.0,58.56739807128906,0.0,0.0
92.87232637405396,0.0,58.61065673828125,0.0,0.0
93.0978672504425,0.0,58.67458724975586,0.0,0.0
93.31900215148926,0.0,58.707130432128906,0.0,0.0
93.54398107528687,0.0,58.786415100097656,0.0,0.0
93.76951313018799,0.0,58.88277053833008,0.0,0.0
93.99524402618408,0.0,58.99449157714844,0.0,0.0
94.2203004360199,0.0,59.070037841796875,0.0,0.0
94.44523406028748,0.0,59.18803405761719,0.0,0.0
94.67045736312866,0.0,59.29423141479492,0.0,0.0
94.8962254524231,0.0,59.389808654785156,0.0,0.0
95.12092995643616,0.0,59.52582550048828,0.0,0.0
95.34640431404114,0.0,59.62324142456055,0.0,0.0
95.57143259048462,0.0,59.76091384887695,0.0,0.0
95.79651260375977,0.0,59.80982208251953,0.0,0.0
96.02183651924133,0.0,59.87883758544922,0.0,0.0
96.24740290641785,0.0,59.99095153808594,0.0,0.0
96.47234082221985,0.0,60.066856384277344,0.0,0.0
96.6982011795044,0.0,60.21017074584961,0.0,0.0
96.92324900627136,0.0,60.33915328979492,0.0,0.0
97.14856505393982,0.0,60.455238342285156,0.0,0.0
97.3734347820282,0.0,60.584712982177734,0.0,0.0
97.5990207195282,0.0,60.72624206542969,0.0,0.0
97.82405233383179,0.0,60.803619384765625,0.0,0.0
98.04971837997437,0.0,60.9482536315918,0.0,0.0
98.27524185180664,0.0,61.078426361083984,0.0,0.0
98.50017738342285,0.0,61.17058181762695,0.0,0.0
98.72532343864441,0.0,61.27852249145508,0.0,0.0
98.94668340682983,0.0,61.350669860839844,0.0,0.0
99.1716365814209,0.0,61.44060134887695,0.0,0.0
99.39723896980286,0.0,61.546539306640625,0.0,0.0
99.62215757369995,0.0,61.641883850097656,0.0,0.0
99.84782695770264,0.0,61.702693939208984,0.0,0.0
100.07288217544556,0.0,61.70742416381836,0.0,0.0
100.29806017875671,0.0,61.7116813659668,0.0,0.0
100.5231523513794,0.0,61.715511322021484,0.0,0.0
100.74838423728943,0.0,61.768959045410156,0.0,0.0
100.97395443916321,0.0,61.81705856323242,0.0,0.0
101.19905114173889,0.0,61.8603515625,0.0,0.0
101.42453050613403,0.0,61.92431640625,0.0,0.0
101.6502525806427,0.0,62.00688552856445,0.0,0.0
101.8748426437378,0.0,62.08119583129883,0.0,0.0
102.10035538673401,0.0,62.12307357788086,0.0,0.0
102.32522916793823,0.0,62.135765075683594,0.0,0.0
102.55050492286682,0.0,62.122188568115234,0.0,0.0
102.7763512134552,0.0,62.13496780395508,0.0,0.0
103.00149917602539,0.0,62.171470642089844,0.0,0.0
103.22709965705872,0.0,62.1793212890625,0.0,0.0
103.45209693908691,0.0,62.211387634277344,0.0,0.0
103.67739152908325,0.0,62.21524429321289,0.0,0.0
103.89841389656067,0.0,62.243717193603516,0.0,0.0
104.1234118938446,0.0,62.31934356689453,0.0,0.0
104.35350322723389,0.0,62.36240768432617,0.0,0.0
104.57834196090698,0.0,62.351165771484375,0.0,0.0
104.79923605918884,0.0,62.34104537963867,0.0,0.0
105.02437329292297,0.0,62.331939697265625,0.0,0.0
105.25023221969604,0.0,62.3237419128418,0.0,0.0
105.47519207000732,0.0,62.36636734008789,0.0,0.0
105.70063996315002,0.0,62.379730224609375,0.0,0.0
105.92632603645325,0.0,62.41675567626953,0.0,0.0
106.15500140190125,0.0,62.52507781982422,0.0,0.0
106.37621188163757,0.0,62.572566986083984,0.0,0.0
106.60173964500427,0.0,62.5653076171875,0.0,0.0
106.82694411277771,0.0,62.658775329589844,0.0,0.0
107.05190539360046,0.0,62.66789627075195,0.0,0.0
107.27740931510925,0.0,62.726104736328125,0.0,0.0
107.50240778923035,0.0,62.8284912109375,0.0,0.0
107.7281322479248,0.0,62.87063980102539,0.0,0.0
107.9533543586731,0.0,62.90857696533203,0.0,0.0
108.17844676971436,0.0,63.01771926879883,0.0,0.0
108.40360641479492,0.0,63.06594467163086,0.0,0.0
108.62907791137695,0.0,63.184349060058594,0.0,0.0
108.85396075248718,0.0,63.26591491699219,0.0,0.0
109.07967734336853,0.0,63.364322662353516,0.0,0.0
109.30457162857056,0.0,63.45288848876953,0.0,0.0
109.53027009963989,0.0,63.532596588134766,0.0,0.0
109.75499629974365,0.0,63.60433578491211,0.0,0.0
109.9808075428009,0.0,63.69390106201172,0.0,0.0
110.20575141906738,0.0,63.77450942993164,0.0,0.0
110.43133425712585,0.0,63.82205581665039,0.0,0.0
110.65620970726013,0.0,63.86484909057617,0.0,0.0
110.88177561759949,0.0,63.87836456298828,0.0,0.0
111.10674667358398,0.0,63.89052963256836,0.0,0.0
111.32830238342285,0.0,63.9014778137207,0.0,0.0
111.55345511436462,0.0,63.96133041381836,0.0,0.0
111.77843618392944,0.0,63.990196228027344,0.0,0.0
112.00820565223694,0.0,64.01617431640625,0.0,0.0
112.22924613952637,0.0,64.01455688476562,0.0,0.0
112.4541745185852,0.0,64.01309967041016,0.0,0.0
112.67984771728516,0.0,64.01178741455078,0.0,0.0
112.90490174293518,0.0,64.03560638427734,0.0,0.0
113.13041424751282,0.0,64.08204650878906,0.0,0.0
113.35527229309082,0.0,64.04884338378906,0.0,0.0
113.58102011680603,0.0,64.09395599365234,0.0,0.0
113.80575680732727,0.0,64.13455963134766,0.0,0.0
114.03137445449829,0.0,64.14610290527344,0.0,0.0
114.25657796859741,0.0,64.18148803710938,0.0,0.0
114.48240065574646,0.0,64.21333312988281,0.0,0.0
114.70720219612122,0.0,64.26699829101562,0.0,0.0
114.93256640434265,0.0,64.34030151367188,0.0,0.0
115.15807843208313,0.0,64.40626525878906,0.0,0.0
115.38324332237244,0.0,64.49063873291016,0.0,0.0
115.60797953605652,0.0,64.54157257080078,0.0,0.0
115.83349537849426,0.0,64.48741149902344,0.0,0.0
116.05894064903259,0.0,64.4886703491211,0.0,0.0
116.28385782241821,0.0,64.48979949951172,0.0,0.0
116.50927495956421,0.0,64.4408187866211,0.0,0.0
116.73437571525574,0.0,64.39673614501953,0.0,0.0
116.96025919914246,0.0,64.40705871582031,0.0,0.0
117.18092703819275,0.0,64.36634826660156,0.0,0.0
117.4062192440033,0.0,64.3297119140625,0.0,0.0
117.63163375854492,0.0,64.29673767089844,0.0,0.0
117.8565080165863,0.0,64.2170639038086,0.0,0.0
118.08202195167542,0.0,64.19535827636719,0.0,0.0
118.30706667900085,0.0,64.17581939697266,0.0,0.0
118.53281903266907,0.0,64.15823364257812,0.0,0.0
118.75823307037354,0.0,64.16741180419922,0.0,0.0
118.98323059082031,0.0,64.17566680908203,0.0,0.0
119.20844650268555,0.0,64.18309783935547,0.0,0.0
119.43428015708923,0.0,64.21478271484375,0.0,0.0
119.65923023223877,0.0,64.24330139160156,0.0,0.0
119.884104013443,0.0,64.26896667480469,0.0,0.0
120.10960364341736,0.0,64.31707000732422,0.0,0.0
120.33470106124878,0.0,64.38536071777344,0.0,0.0
120.5601851940155,0.0,64.42182159423828,0.0,0.0
120.78524780273438,0.0,64.42963409423828,0.0,0.0
121.01059460639954,0.0,64.4366683959961,0.0,0.0
121.23645043373108,0.0,64.41799926757812,0.0,0.0
121.46129655838013,0.0,64.42619323730469,0.0,0.0
121.68601608276367,0.0,64.4335708618164,0.0,0.0
121.91212868690491,0.0,64.41521453857422,0.0,0.0
122.13687205314636,0.0,64.47369384765625,0.0,0.0
122.36231279373169,0.0,64.45132446289062,0.0,0.0
122.58716630935669,0.0,64.50619506835938,0.0,0.0
122.80871963500977,0.0,64.45557403564453,0.0,0.0
123.0342059135437,0.0,64.510009765625,0.0,0.0
123.25925207138062,0.0,64.53400421142578,0.0,0.0
123.48424530029297,0.0,64.60559844970703,0.0,0.0
123.70950603485107,0.0,64.67003631591797,0.0,0.0
123.93530178070068,0.0,64.72802734375,0.0,0.0
124.16019248962402,0.0,64.78022003173828,0.0,0.0
124.38538122177124,0.0,64.82719421386719,0.0,0.0
124.61087417602539,0.0,64.86947631835938,0.0,0.0
124.83651804924011,0.0,64.90752410888672,0.0,0.0
125.06137776374817,0.0,64.9667739868164,0.0,0.0
125.28637528419495,0.0,65.02009582519531,0.0,0.0
125.51215291023254,0.0,65.09308624267578,0.0,0.0
125.73676633834839,0.0,65.13377380371094,0.0,0.0
125.96240043640137,0.0,65.17039489746094,0.0,0.0
126.18744945526123,0.0,65.22835540771484,0.0,0.0
126.41323161125183,0.0,65.280517578125,0.0,0.0
126.63802552223206,0.0,65.2774658203125,0.0,0.0
126.86337089538574,0.0,65.29972076416016,0.0,0.0
127.08840918540955,0.0,65.31974792480469,0.0,0.0
127.3141438961029,0.0,65.38777160644531,0.0,0.0
127.53911137580872,0.0,65.42398834228516,0.0,0.0
127.76456212997437,0.0,65.45658874511719,0.0,0.0
127.98985385894775,0.0,65.48592376708984,0.0,0.0
128.21525812149048,0.0,65.5373306274414,0.0,0.0
128.44033002853394,0.0,65.53359985351562,0.0,0.0
128.66528725624084,0.0,65.53024291992188,0.0,0.0
128.8905484676361,0.0,65.5272216796875,0.0,0.0
129.11630606651306,0.0,65.49949645996094,0.0,0.0
129.33720803260803,0.0,65.49954986572266,0.0,0.0
129.56231880187988,0.0,65.54959106445312,0.0,0.0
129.7915632724762,0.0,65.54463195800781,0.0,0.0
130.01737356185913,0.0,65.5651626586914,0.0,0.0
130.23821473121643,0.0,65.5836410522461,0.0,0.0
130.4641673564911,0.0,65.60027313232422,0.0,0.0
130.68862080574036,0.0,65.59024810791016,0.0,0.0
130.91429328918457,0.0,65.55622100830078,0.0,0.0
131.13911247253418,0.0,65.60060119628906,0.0,0.0
131.36488580703735,0.0,65.59053802490234,0.0,0.0
131.58972787857056,0.0,65.58148193359375,0.0,0.0
131.81492614746094,0.0,65.54833221435547,0.0,0.0
132.04062962532043,0.0,65.46849822998047,0.0,0.0
132.26639485359192,0.0,65.47164916992188,0.0,0.0
132.49127912521362,0.0,65.4494857788086,0.0,0.0
132.71615386009216,0.0,65.404541015625,0.0,0.0
132.94176602363586,0.0,65.38908386230469,0.0,0.0
133.16722512245178,0.0,65.37517547607422,0.0,0.0
133.39220070838928,0.0,65.38765716552734,0.0,0.0
133.61718726158142,0.0,65.39888763427734,0.0,0.0
133.84270524978638,0.0,65.38399505615234,0.0,0.0
134.06802773475647,0.0,65.44559478759766,0.0,0.0
134.29327750205994,0.0,65.47603607177734,0.0,0.0
134.51831531524658,0.0,65.50343322753906,0.0,0.0
134.74393558502197,0.0,65.55308532714844,0.0,0.0
134.96922850608826,0.0,65.5727767944336,0.0,0.0
135.19027256965637,0.0,65.59049987792969,0.0,0.0
135.41538667678833,0.0,65.6064453125,0.0,0.0
135.644775390625,0.0,65.64579772949219,0.0,0.0
135.86989974975586,0.0,65.65621185302734,0.0,0.0
136.09098505973816,0.0,65.66558837890625,0.0,0.0
136.31660175323486,0.0,65.64903259277344,0.0,0.0
136.54143285751343,0.0,65.6341323852539,0.0,0.0
136.76680755615234,0.0,65.57071685791016,0.0,0.0
136.99230670928955,0.0,65.4886474609375,0.0,0.0
137.21750807762146,0.0,65.43978118896484,0.0,0.0
137.44281792640686,0.0,65.4207992553711,0.0,0.0
137.66816806793213,0.0,65.35372161865234,0.0,0.0
137.89341068267822,0.0,65.34334564208984,0.0,0.0
138.11914992332458,0.0,65.28401184082031,0.0,0.0
138.3440134525299,0.0,65.18061065673828,0.0,0.0
138.56903338432312,0.0,65.16255187988281,0.0,0.0
138.7945041656494,0.0,65.0962905883789,0.0,0.0
139.01945328712463,0.0,65.03665924072266,0.0,0.0
139.24518656730652,0.0,64.90798950195312,0.0,0.0
139.47003602981567,0.0,64.81719207763672,0.0,0.0
139.69529247283936,0.0,64.7354736328125,0.0,0.0
139.9206244945526,0.0,64.66192626953125,0.0,0.0
140.14607858657837,0.0,64.59573364257812,0.0,0.0
140.37119603157043,0.0,64.5611572265625,0.0,0.0
140.59677362442017,0.0,64.48004150390625,0.0,0.0
140.82163453102112,0.0,64.38203430175781,0.0,0.0
141.04332304000854,0.0,64.31883239746094,0.0,0.0
141.26804518699646,0.0,64.26194763183594,0.0,0.0
141.497483253479,0.0,64.13574981689453,0.0,0.0
141.7193636894226,0.0,64.04717254638672,0.0,0.0
141.94432425498962,0.0,63.94245147705078,0.0,0.0
142.169438123703,0.0,63.9232063293457,0.0,0.0
142.39478850364685,0.0,63.880882263183594,0.0,0.0
142.6199345588684,0.0,63.81779479980469,0.0,0.0
142.84528732299805,0.0,63.811012268066406,0.0,0.0
143.07027673721313,0.0,63.75490951538086,0.0,0.0
143.29622387886047,0.0,63.7794189453125,0.0,0.0
143.52086734771729,0.0,63.77647399902344,0.0,0.0
143.74622011184692,0.0,63.798828125,0.0,0.0
143.97118091583252,0.0,63.7939453125,0.0,0.0
144.1973659992218,0.0,63.86455154418945,0.0,0.0
144.421777009964,0.0,63.928096771240234,0.0,0.0
144.64745998382568,0.0,63.96028518676758,0.0,0.0
144.87237930297852,0.0,64.03925323486328,0.0,0.0
145.09808254241943,0.0,64.13533020019531,0.0,0.0
145.32326078414917,0.0,64.17179107666016,0.0,0.0
145.54845571517944,0.0,64.2296142578125,0.0,0.0
145.77414178848267,0.0,64.28165435791016,0.0,0.0
145.99864220619202,0.0,64.3284912109375,0.0,0.0
146.2241518497467,0.0,64.44564056396484,0.0,0.0
146.44964838027954,0.0,64.55107879638672,0.0,0.0
146.67034673690796,0.0,64.6209716796875,0.0,0.0
146.89618015289307,0.0,64.68387603759766,0.0,0.0
147.12099504470825,0.0,64.79048919677734,0.0,0.0
147.35076379776,0.0,64.88643646240234,0.0,0.0
147.57152462005615,0.0,65.02279663085938,0.0,0.0
147.79721069335938,0.0,65.17051696777344,0.0,0.0
148.02206802368164,0.0,65.303466796875,0.0,0.0
148.2478370666504,0.0,65.4231185913086,0.0,0.0
148.47313475608826,0.0,65.5558090209961,0.0,0.0
148.6983745098114,0.0,65.70022583007812,0.0,0.0
148.92306232452393,0.0,65.8302001953125,0.0,0.0
149.14833545684814,0.0,65.92218017578125,0.0,0.0
149.373633146286,0.0,66.02996063232422,0.0,0.0
149.59924149513245,0.0,66.15196228027344,0.0,0.0
149.82452130317688,0.0,66.2117691040039,0.0,0.0
150.05016088485718,0.0,66.34059143066406,0.0,0.0
150.27515244483948,0.0,66.40653228759766,0.0,0.0
150.50019907951355,0.0,66.44087982177734,0.0,0.0
150.7255082130432,0.0,66.52178955078125,0.0,0.0
150.95136904716492,0.0,66.59461212158203,0.0,0.0
151.17624235153198,0.0,66.61015319824219,0.0,0.0
151.40123963356018,0.0,66.64913177490234,0.0,0.0
151.62668704986572,0.0,66.63421630859375,0.0,0.0
151.85167837142944,0.0,66.69579315185547,0.0,0.0
152.07729315757751,0.0,66.75121307373047,0.0,0.0
152.30261969566345,0.0,66.75109100341797,0.0,0.0
152.52786993980408,0.0,66.70098114013672,0.0,0.0
152.75271010398865,0.0,66.6558837890625,0.0,0.0
152.9782943725586,0.0,66.64029693603516,0.0,0.0
153.20320844650269,0.0,66.60126495361328,0.0,0.0
153.42919039726257,0.0,66.59113311767578,0.0,0.0
153.6538269519806,0.0,66.50701904296875,0.0,0.0
153.87936544418335,0.0,66.45631408691406,0.0,0.0
154.1005620956421,0.0,66.43568420410156,0.0,0.0
154.32585406303406,0.0,66.4421157836914,0.0,0.0
154.55117774009705,0.0,66.4478988647461,0.0,0.0
154.77617955207825,0.0,66.45310974121094,0.0,0.0
155.0013656616211,0.0,66.50779724121094,0.0,0.0
155.22701573371887,0.0,66.48201751708984,0.0,0.0
155.4524848461151,0.0,66.5088119506836,0.0,0.0
155.67725205421448,0.0,66.50792694091797,0.0,0.0
155.90281915664673,0.0,66.55712890625,0.0,0.0
156.12789964675903,0.0,66.62641143798828,0.0,0.0
156.35298705101013,0.0,66.66376495361328,0.0,0.0
156.57826781272888,0.0,66.62239074707031,0.0,0.0
156.80336117744446,0.0,66.66014862060547,0.0,0.0
157.0293161869049,0.0,66.71913146972656,0.0,0.0
157.25398588180542,0.0,66.772216796875,0.0,0.0
157.47942781448364,0.0,66.7699966430664,0.0,0.0
157.70438814163208,0.0,66.8179931640625,0.0,0.0
157.93035292625427,0.0,66.86119079589844,0.0,0.0
158.15488743782043,0.0,66.90007019042969,0.0,0.0
158.3807065486908,0.0,66.88506317138672,0.0,0.0
158.60554957389832,0.0,66.92155456542969,0.0,0.0
158.8312919139862,0.0,66.97940063476562,0.0,0.0
159.05623412132263,0.0,67.00646209716797,0.0,0.0
159.28175806999207,0.0,66.75581359863281,0.0,0.0
159.50725746154785,0.0,66.60523223876953,0.0,0.0
159.73199915885925,0.0,65.5947036743164,0.0,0.0
159.95301985740662,0.0,64.8602294921875,0.0,0.0
160.17883205413818,0.0,63.74920654296875,0.0,0.0
160.40372252464294,0.0,62.724281311035156,0.0,0.0
160.62931561470032,0.0,61.75185012817383,0.0,0.0
160.85413885116577,0.0,60.85166549682617,0.0,0.0
161.07976269721985,0.0,60.041500091552734,0.0,0.0
161.30464005470276,0.0,59.23735046386719,0.0,0.0
161.53024744987488,0.0,58.538612365722656,0.0,0.0
161.75546312332153,0.0,57.88475036621094,0.0,0.0
161.9809877872467,0.0,57.27127456665039,0.0,0.0
162.2061243057251,0.0,56.694149017333984,0.0,0.0
162.43126440048218,0.0,56.124732971191406,0.0,0.0
162.65638136863708,0.0,55.63725662231445,0.0,0.0
162.8817687034607,0.0,55.173526763916016,0.0,0.0
163.10677433013916,0.0,54.706172943115234,0.0,0.0
163.33239078521729,0.0,54.31055450439453,0.0,0.0
163.55772137641907,0.0,53.854496002197266,0.0,0.0
163.7828245162964,0.0,53.36904525756836,0.0,0.0
164.00788021087646,0.0,52.982139587402344,0.0,0.0
164.23362517356873,0.0,52.608924865722656,0.0,0.0
164.4590835571289,0.0,52.22303009033203,0.0,0.0
164.68387651443481,0.0,51.87572479248047,0.0,0.0
164.90924787521362,0.0,51.513153076171875,0.0,0.0
165.1345419883728,0.0,51.18683624267578,0.0,0.0
165.35992765426636,0.0,50.8431510925293,0.0,0.0
165.58116340637207,0.0,50.50883483886719,0.0,0.0
165.80616927146912,0.0,50.207950592041016,0.0,0.0
166.03148555755615,0.0,49.91215133666992,0.0,0.0
166.25699639320374,0.0,49.5959358215332,0.0,0.0
166.48224091529846,0.0,49.336341857910156,0.0,0.0
166.70723176002502,0.0,49.027706146240234,0.0,0.0
166.93263387680054,0.0,48.79993438720703,0.0,0.0
167.15796756744385,0.0,48.54494094848633,0.0,0.0
167.3833417892456,0.0,48.390445709228516,0.0,0.0
167.6082227230072,0.0,48.251399993896484,0.0,0.0
167.83374071121216,0.0,48.0512580871582,0.0,0.0
168.05852723121643,0.0,47.82113265991211,0.0,0.0
168.2838773727417,0.0,47.56401824951172,0.0,0.0
168.5094645023346,0.0,47.282615661621094,0.0,0.0
168.73541808128357,0.0,46.97935104370117,0.0,0.0
168.96033883094788,0.0,46.68141555786133,0.0,0.0
169.18488359451294,0.0,46.3632698059082,0.0,0.0
169.41061902046204,0.0,46.0019416809082,0.0,0.0
169.63599061965942,0.0,45.6767463684082,0.0,0.0
169.86112427711487,0.0,45.2840690612793,0.0,0.0
170.08621549606323,0.0,44.930660247802734,0.0,0.0
170.31120347976685,0.0,44.58759307861328,0.0,0.0
170.53663325309753,0.0,44.15383529663086,0.0,0.0
170.7622106075287,0.0,43.788448333740234,0.0,0.0
170.98720908164978,0.0,43.45960235595703,0.0,0.0
171.21311950683594,0.0,43.138641357421875,0.0,0.0
171.4376277923584,0.0,42.87477493286133,0.0,0.0
171.66314816474915,0.0,42.562294006347656,0.0,0.0
171.88826775550842,0.0,42.23106384277344,0.0,0.0
172.10962653160095,0.0,41.93295669555664,0.0,0.0
172.3353934288025,0.0,41.61465835571289,0.0,0.0
172.56024050712585,0.0,41.27819061279297,0.0,0.0
172.78944492340088,0.0,40.92537307739258,0.0,0.0
173.0111539363861,0.0,40.6578369140625,0.0,0.0
173.2358660697937,0.0,40.3670539855957,0.0,0.0
173.46126198768616,0.0,40.005348205566406,0.0,0.0
173.68625688552856,0.0,39.679813385009766,0.0,0.0
173.9119815826416,0.0,39.41183090209961,0.0,0.0
174.1368007659912,0.0,39.19564437866211,0.0,0.0
174.36243557929993,0.0,38.95107650756836,0.0,0.0
174.58738684654236,0.0,38.705970764160156,0.0,0.0
174.81329250335693,0.0,38.41037368774414,0.0,0.0
175.03791046142578,0.0,37.99433517456055,0.0,0.0
175.26337718963623,0.0,37.56990051269531,0.0,0.0
175.48825883865356,0.0,37.137908935546875,0.0,0.0
175.71405148506165,0.0,36.99911880493164,0.0,0.0
175.93911814689636,0.0,36.849205017089844,0.0,0.0
176.16444087028503,0.0,36.664283752441406,0.0,0.0
176.38940382003784,0.0,36.47285461425781,0.0,0.0
176.61517333984375,0.0,36.300567626953125,0.0,0.0
176.84021496772766,0.0,36.12051010131836,0.0,0.0
177.06552815437317,0.0,35.983455657958984,0.0,0.0
177.29130744934082,0.0,35.83510971069336,0.0,0.0
177.51595854759216,0.0,35.6515998840332,0.0,0.0
177.74124574661255,0.0,35.41143798828125,0.0,0.0
177.9626932144165,0.0,35.170291900634766,0.0,0.0
178.18751502037048,0.0,35.053260803222656,0.0,0.0
178.4132661819458,0.0,34.922935485839844,0.0,0.0
178.64242839813232,0.0,34.7806396484375,0.0,0.0
178.86377811431885,0.0,34.65257263183594,0.0,0.0
179.0886573791504,0.0,34.51231384277344,0.0,0.0
179.31429147720337,0.0,34.336082458496094,0.0,0.0
179.53934240341187,0.0,34.17747497558594,0.0,0.0
179.76436305046082,0.0,34.05972671508789,0.0,0.0
179.98961663246155,0.0,33.92875289916992,0.0,0.0
180.2153069972992,0.0,33.6608772277832,0.0,0.0
180.44032263755798,0.0,33.5197868347168,0.0,0.0
180.6657099723816,0.0,33.317806243896484,0.0,0.0
180.89096021652222,0.0,33.08602523803711,0.0,0.0
181.1160876750946,0.0,32.827423095703125,0.0,0.0
181.34128379821777,0.0,32.569679260253906,0.0,0.0
181.5673668384552,0.0,32.31270980834961,0.0,0.0
181.7921998500824,0.0,32.05643844604492,0.0,0.0
182.01723051071167,0.0,31.75079345703125,0.0,0.0
182.24261784553528,0.0,31.55071449279785,0.0,0.0
182.46778678894043,0.0,31.345643997192383,0.0,0.0
182.69317722320557,0.0,31.1110782623291,0.0,0.0
182.91842317581177,0.0,30.924968719482422,0.0,0.0
183.14381074905396,0.0,30.757471084594727,0.0,0.0
183.36875581741333,0.0,30.581722259521484,0.0,0.0
183.59429383277893,0.0,30.42354965209961,0.0,0.0
183.81545567512512,0.0,30.23119354248047,0.0,0.0
184.04070568084717,0.0,30.03307342529297,0.0,0.0
184.2663357257843,0.0,29.929765701293945,0.0,0.0
184.49095916748047,0.0,29.786788940429688,0.0,0.0
184.71635937690735,0.0,29.658109664916992,0.0,0.0
184.94215083122253,0.0,29.51729965209961,0.0,0.0
185.16700434684753,0.0,29.290569305419922,0.0,0.0
185.39224863052368,0.0,29.161510467529297,0.0,0.0
185.61774921417236,0.0,29.045358657836914,0.0,0.0
185.84290289878845,0.0,28.915821075439453,0.0,0.0
186.0684769153595,0.0,28.799238204956055,0.0,0.0
186.29329752922058,0.0,28.619314193725586,0.0,0.0
186.51871418952942,0.0,28.532381057739258,0.0,0.0
186.74348092079163,0.0,28.479141235351562,0.0,0.0
186.96895933151245,0.0,28.3812255859375,0.0,0.0
187.19437289237976,0.0,28.31810188293457,0.0,0.0
187.4195692539215,0.0,28.236291885375977,0.0,0.0
187.64511680603027,0.0,28.18766212463379,0.0,0.0
187.87002277374268,0.0,28.14389419555664,0.0,0.0
188.09562015533447,0.0,28.079504013061523,0.0,0.0
188.32076120376587,0.0,28.046552658081055,0.0,0.0
188.54624772071838,0.0,27.991897583007812,0.0,0.0
188.77091073989868,0.0,27.942707061767578,0.0,0.0
188.99663925170898,0.0,27.92343521118164,0.0,0.0
189.22171783447266,0.0,27.906089782714844,0.0,0.0
189.4432818889618,0.0,27.84048080444336,0.0,0.0
189.66851377487183,0.0,27.78143310546875,0.0,0.0
189.89322972297668,0.0,27.728288650512695,0.0,0.0
190.11866879463196,0.0,27.705459594726562,0.0,0.0
190.34382438659668,0.0,27.559913635253906,0.0,0.0
190.56904649734497,0.0,27.478919982910156,0.0,0.0
190.79507970809937,0.0,27.45602798461914,0.0,0.0
191.01965975761414,0.0,27.410425186157227,0.0,0.0
191.2452790737152,0.0,27.369382858276367,0.0,0.0
191.47025322914124,0.0,27.357444763183594,0.0,0.0
191.69624495506287,0.0,27.371700286865234,0.0,0.0
191.92064332962036,0.0,27.359529495239258,0.0,0.0
192.14617156982422,0.0,27.323575973510742,0.0,0.0
192.3712682723999,0.0,27.266216278076172,0.0,0.0
192.59683537483215,0.0,27.239595413208008,0.0,0.0
192.82199716567993,0.0,27.165634155273438,0.0,0.0
193.04733157157898,0.0,27.124069213867188,0.0,0.0
193.27231216430664,0.0,27.111661911010742,0.0,0.0
193.4981586933136,0.0,27.050495147705078,0.0,0.0
193.7231481075287,0.0,27.020444869995117,0.0,0.0
193.94829940795898,0.0,26.993398666381836,0.0,0.0
194.17343139648438,0.0,26.99405860900879,0.0,0.0
194.39903044700623,0.0,26.994653701782227,0.0,0.0
194.6241147518158,0.0,26.92018699645996,0.0,0.0
194.8494312763214,0.0,26.828168869018555,0.0,0.0
195.07509756088257,0.0,26.845352172851562,0.0,0.0
195.3002667427063,0.0,26.810815811157227,0.0,0.0
195.52531027793884,0.0,26.829734802246094,0.0,0.0
195.75057411193848,0.0,26.84676170349121,0.0,0.0
195.97188472747803,0.0,26.812084197998047,0.0,0.0
196.20137095451355,0.0,26.80587387084961,0.0,0.0
196.42623162269592,0.0,26.825286865234375,0.0,0.0
196.65189051628113,0.0,26.81775665283203,0.0,0.0
196.87247395515442,0.0,26.81097984313965,0.0,0.0
197.09806632995605,0.0,26.804880142211914,0.0,0.0
197.32319450378418,0.0,26.84939193725586,0.0,0.0
197.54872751235962,0.0,26.88945198059082,0.0,0.0
197.77345657348633,0.0,27.000505447387695,0.0,0.0
197.99932622909546,0.0,27.075454711914062,0.0,0.0
198.22429394721985,0.0,27.192909240722656,0.0,0.0
198.44967985153198,0.0,27.323617935180664,0.0,0.0
198.67501068115234,0.0,27.441255569458008,0.0,0.0
198.9003643989563,0.0,27.597129821777344,0.0,0.0
199.12539863586426,0.0,27.812416076660156,0.0,0.0
199.35071730613708,0.0,28.18117332458496,0.0,0.0
199.57626461982727,0.0,28.488056182861328,0.0,0.0
199.8009967803955,0.0,28.889249801635742,0.0,0.0
200.0264868736267,0.0,29.175323486328125,0.0,0.0
200.2517809867859,0.0,29.432788848876953,0.0,0.0
200.47740030288696,0.0,29.714509963989258,0.0,0.0
200.70205855369568,0.0,30.093059539794922,0.0,0.0
200.92776727676392,0.0,30.508752822875977,0.0,0.0
201.15257906913757,0.0,30.90787696838379,0.0,0.0
201.37814950942993,0.0,31.14208984375,0.0,0.0
201.60302090644836,0.0,31.302879333496094,0.0,0.0
201.82463598251343,0.0,31.547590255737305,0.0,0.0
202.0535924434662,0.0,31.842830657958984,0.0,0.0
202.27927803993225,0.0,32.158546447753906,0.0,0.0
202.50432062149048,0.0,32.41769027709961,0.0,0.0
202.72606992721558,0.0,32.67591857910156,0.0,0.0
202.9507613182068,0.0,32.98332595825195,0.0,0.0
203.1762888431549,0.0,33.23499298095703,0.0,0.0
203.40177488327026,0.0,33.73649215698242,0.0,0.0
203.62683701515198,0.0,33.96284103393555,0.0,0.0
203.85199356079102,0.0,33.99155807495117,0.0,0.0
204.07722973823547,0.0,34.06740188598633,0.0,0.0
204.30239725112915,0.0,34.13566207885742,0.0,0.0
204.52830529212952,0.0,34.19709396362305,0.0,0.0
204.75279593467712,0.0,34.402381896972656,0.0,0.0
204.97840285301208,0.0,34.487144470214844,0.0,0.0
205.20322227478027,0.0,34.46342849731445,0.0,0.0
205.4289834499359,0.0,34.417083740234375,0.0,0.0
205.6540548801422,0.0,34.42537307739258,0.0,0.0
205.87941813468933,0.0,34.43283462524414,0.0,0.0
206.10444521903992,0.0,34.43954849243164,0.0,0.0
206.33028388023376,0.0,34.4705924987793,0.0,0.0
206.55509972572327,0.0,34.44853210449219,0.0,0.0
206.78032517433167,0.0,34.50367736816406,0.0,0.0
207.00570559501648,0.0,34.803306579589844,0.0,0.0
207.2312662601471,0.0,34.9229736328125,0.0,0.0
207.45617961883545,0.0,34.90567398071289,0.0,0.0
207.67755007743835,0.0,34.94010543823242,0.0,0.0
207.90656232833862,0.0,34.94609451293945,0.0,0.0
208.13217639923096,0.0,35.00148391723633,0.0,0.0
208.35305213928223,0.0,35.00133514404297,0.0,0.0
208.5785629749298,0.0,35.15120315551758,0.0,0.0
208.80347561836243,0.0,35.26108169555664,0.0,0.0
209.02923464775085,0.0,35.4599723815918,0.0,0.0
209.25415301322937,0.0,35.58897399902344,0.0,0.0
209.47977113723755,0.0,35.705074310302734,0.0,0.0
209.7050015926361,0.0,35.88456726074219,0.0,0.0
209.93010663986206,0.0,35.946109771728516,0.0,0.0
210.1551320552826,0.0,36.02649688720703,0.0,0.0
210.3807234764099,0.0,36.04884719848633,0.0,0.0
210.60596108436584,0.0,36.093963623046875,0.0,0.0
210.8312222957611,0.0,36.13456726074219,0.0,0.0
211.0561912059784,0.0,36.27111053466797,0.0,0.0
211.28169775009155,0.0,36.368995666503906,0.0,0.0
211.5072464942932,0.0,36.357093811035156,0.0,0.0
211.73225569725037,0.0,36.446380615234375,0.0,0.0
211.95763492584229,0.0,36.476741790771484,0.0,0.0
212.1825921535492,0.0,36.52906799316406,0.0,0.0
212.40788435935974,0.0,36.62615966796875,0.0,0.0
212.63328003883362,0.0,36.76354217529297,0.0,0.0
212.85863280296326,0.0,36.837188720703125,0.0,0.0
213.0841600894928,0.0,37.053470611572266,0.0,0.0
213.30915904045105,0.0,37.14812088012695,0.0,0.0
213.53446888923645,0.0,37.13330841064453,0.0,0.0
213.75982856750488,0.0,37.11997604370117,0.0,0.0
213.98484206199646,0.0,37.15797805786133,0.0,0.0
214.21028900146484,0.0,37.24217987060547,0.0,0.0
214.43527698516846,0.0,37.56795883178711,0.0,0.0
214.6609127521515,0.0,37.76116180419922,0.0,0.0
214.8820812702179,0.0,37.9100456237793,0.0,0.0
215.10684990882874,0.0,38.06904220581055,0.0,0.0
215.33235597610474,0.0,38.11213684082031,0.0,0.0
215.5581569671631,0.0,38.15092086791992,0.0,0.0
215.78324794769287,0.0,38.135826110839844,0.0,0.0
216.00825357437134,0.0,38.09724426269531,0.0,0.0
216.2336094379425,0.0,38.06251907348633,0.0,0.0
216.458899974823,0.0,38.15626907348633,0.0,0.0
216.6838674545288,0.0,38.26564025878906,0.0,0.0
216.90911054611206,0.0,38.33907699584961,0.0,0.0
217.13495326042175,0.0,38.38016891479492,0.0,0.0
217.35988211631775,0.0,38.417152404785156,0.0,0.0
217.58505034446716,0.0,38.450435638427734,0.0,0.0
217.81041312217712,0.0,38.405391693115234,0.0,0.0
218.03546118736267,0.0,38.38985061645508,0.0,0.0
218.26067304611206,0.0,38.3758659362793,0.0,0.0
218.48590540885925,0.0,38.363277435302734,0.0,0.0
218.71149468421936,0.0,38.32694625854492,0.0,0.0
218.93647408485413,0.0,38.319252014160156,0.0,0.0
219.16212391853333,0.0,38.33732604980469,0.0,0.0
219.3871259689331,0.0,38.35359191894531,0.0,0.0
219.61278343200684,0.0,38.39323043823242,0.0,0.0
219.83747267723083,0.0,38.40390396118164,0.0,0.0
220.06325268745422,0.0,38.388511657714844,0.0,0.0
220.28844714164734,0.0,38.47465896606445,0.0,0.0
220.5137140750885,0.0,38.52719497680664,0.0,0.0
220.73464345932007,0.0,38.624473571777344,0.0,0.0
220.9601607322693,0.0,38.737022399902344,0.0,0.0
221.18521070480347,0.0,38.93832015991211,0.0,0.0
221.4105944633484,0.0,39.16948699951172,0.0,0.0
221.635733127594,0.0,39.40253829956055,0.0,0.0
221.86090993881226,0.0,39.63728332519531,0.0,0.0
222.0861942768097,0.0,39.798553466796875,0.0,0.0
222.31223607063293,0.0,39.893699645996094,0.0,0.0
222.5367569923401,0.0,40.00432586669922,0.0,0.0
222.76220893859863,0.0,41.25389099121094,0.0,0.0
222.98731637001038,0.0,41.72850036621094,0.0,0.0
223.21334218978882,0.0,42.55564880371094,0.0,0.0
223.43777060508728,0.0,42.92508316040039,0.0,0.0
223.6632890701294,0.0,42.95757293701172,0.0,0.0
223.888325214386,0.0,42.961814880371094,0.0,0.0
224.11390829086304,0.0,42.74063491821289,0.0,0.0
224.33911609649658,0.0,42.41657257080078,0.0,0.0
224.56448411941528,0.0,42.0249137878418,0.0,0.0
224.7895007133484,0.0,41.74742126464844,0.0,0.0
225.01505494117737,0.0,41.54767608642578,0.0,0.0
225.240131855011,0.0,41.3429069519043,0.0,0.0
225.46536016464233,0.0,41.10861587524414,0.0,0.0
225.69070100784302,0.0,40.72275161743164,0.0,0.0
225.91618371009827,0.0,40.37547302246094,0.0,0.0
226.14129614830017,0.0,40.08792495727539,0.0,0.0
226.3664710521698,0.0,39.80413055419922,0.0,0.0
226.5873839855194,0.0,39.54871368408203,0.0,0.0
226.81332969665527,0.0,39.31884002685547,0.0,0.0
227.0382661819458,0.0,39.13695526123047,0.0,0.0
227.2632133960724,0.0,38.898258209228516,0.0,0.0
227.488525390625,0.0,38.733428955078125,0.0,0.0
227.71438550949097,0.0,38.63508605957031,0.0,0.0
227.9390745162964,0.0,38.54657745361328,0.0,0.0
228.1645588874817,0.0,38.441917419433594,0.0,0.0
228.38956022262573,0.0,38.37272644042969,0.0,0.0
228.6152274608612,0.0,38.310455322265625,0.0,0.0
228.84031057357788,0.0,38.37940979003906,0.0,0.0
229.06610918045044,0.0,38.441471099853516,0.0,0.0
229.29049110412598,0.0,38.572322845458984,0.0,0.0
229.5159034729004,0.0,38.64008712768555,0.0,0.0
229.7413980960846,0.0,38.70107650756836,0.0,0.0
229.9669075012207,0.0,38.75596618652344,0.0,0.0
230.1922025680542,0.0,38.880367279052734,0.0,0.0
230.41740584373474,0.0,38.917327880859375,0.0,0.0
230.6425895690918,0.0,38.925594329833984,0.0,0.0
230.86826252937317,0.0,38.95803451538086,0.0,0.0
231.09330344200134,0.0,38.98722839355469,0.0,0.0
231.31816267967224,0.0,39.01350402832031,0.0,0.0
231.54369068145752,0.0,39.08715057373047,0.0,0.0
231.76867842674255,0.0,39.22843551635742,0.0,0.0
231.9942388534546,0.0,39.33059310913086,0.0,0.0
232.21534752845764,0.0,39.447532653808594,0.0,0.0
232.44057250022888,0.0,39.502777099609375,0.0,0.0
232.66552591323853,0.0,39.527496337890625,0.0,0.0
232.89119935035706,0.0,39.54974365234375,0.0,0.0
233.11639094352722,0.0,39.61977005004883,0.0,0.0
233.34186482429504,0.0,39.65779113769531,0.0,0.0
233.56720757484436,0.0,39.76701354980469,0.0,0.0
233.79221653938293,0.0,39.840309143066406,0.0,0.0
234.01727056503296,0.0,39.88127899169922,0.0,0.0
234.24287581443787,0.0,39.86814880371094,0.0,0.0
234.46804213523865,0.0,39.806331634521484,0.0,0.0
234.69340991973877,0.0,39.87569808959961,0.0,0.0
234.91835117340088,0.0,39.96312713623047,0.0,0.0
235.14389491081238,0.0,40.041812896728516,0.0,0.0
235.36879539489746,0.0,40.112632751464844,0.0,0.0
235.5944001674652,0.0,40.176368713378906,0.0,0.0
235.8193895816803,0.0,40.23373031616211,0.0,0.0
236.04521775245667,0.0,40.31035614013672,0.0,0.0
236.26979875564575,0.0,40.32931900024414,0.0,0.0
236.49537682533264,0.0,40.321388244628906,0.0,0.0
236.7203860282898,0.0,40.414249420166016,0.0,0.0
236.94567799568176,0.0,40.47282028198242,0.0,0.0
237.17090368270874,0.0,40.575538635253906,0.0,0.0
237.3966088294983,0.0,40.71798324584961,0.0,0.0
237.62173175811768,0.0,40.82118225097656,0.0,0.0
237.84721970558167,0.0,40.88906478881836,0.0,0.0
238.07222247123718,0.0,40.975154876708984,0.0,0.0
238.29762530326843,0.0,41.05263900756836,0.0,0.0
238.5231738090515,0.0,41.122371673583984,0.0,0.0
238.74428582191467,0.0,41.235130310058594,0.0,0.0
238.96901774406433,0.0,41.261619567871094,0.0,0.0
239.19834661483765,0.0,41.36045455932617,0.0,0.0
239.4239058494568,0.0,41.424407958984375,0.0,0.0
239.6449625492096,0.0,41.581966400146484,0.0,0.0
239.87016534805298,0.0,41.773765563964844,0.0,0.0
240.09543251991272,0.0,41.97138977050781,0.0,0.0
240.3205292224884,0.0,42.14925003051758,0.0,0.0
240.5461983680725,0.0,42.33432388305664,0.0,0.0
240.77142930030823,0.0,42.6508903503418,0.0,0.0
240.99723863601685,0.0,43.510799407958984,0.0,0.0
241.22212719917297,0.0,44.28471755981445,0.0,0.0
241.44729137420654,0.0,44.90624237060547,0.0,0.0
241.6722092628479,0.0,45.56562042236328,0.0,0.0
241.89791536331177,0.0,46.08405685424805,0.0,0.0
242.1230127811432,0.0,46.42565155029297,0.0,0.0
242.34824323654175,0.0,46.68308639526367,0.0,0.0
242.57349610328674,0.0,46.989776611328125,0.0,0.0
242.7985017299652,0.0,47.190799713134766,0.0,0.0
243.02376747131348,0.0,47.346717834472656,0.0,0.0
243.24904990196228,0.0,47.512046813964844,0.0,0.0
243.47426295280457,0.0,47.58584213256836,0.0,0.0
243.70014333724976,0.0,47.602256774902344,0.0,0.0
243.9252758026123,0.0,47.5670280456543,0.0,0.0
244.15075206756592,0.0,47.51032638549805,0.0,0.0
244.37532567977905,0.0,47.334293365478516,0.0,0.0
244.5966715812683,0.0,47.10086441040039,0.0,0.0
244.8221390247345,0.0,46.81577682495117,0.0,0.0
245.05125546455383,0.0,46.55919647216797,0.0,0.0
245.27721405029297,0.0,46.52827453613281,0.0,0.0
245.49756956100464,0.0,46.400447845458984,0.0,0.0
245.72306108474731,0.0,46.560401916503906,0.0,0.0
245.94824719429016,0.0,46.82936096191406,0.0,0.0
246.17389512062073,0.0,47.89642333984375,0.0,0.0
246.39899134635925,0.0,49.481781005859375,0.0,0.0
246.623929977417,0.0,50.68360137939453,0.0,0.0
246.84956455230713,0.0,51.66523742675781,0.0,0.0
247.07518219947815,0.0,52.398712158203125,0.0,0.0
247.30020380020142,0.0,53.00883865356445,0.0,0.0
247.52532148361206,0.0,53.432952880859375,0.0,0.0
247.7503604888916,0.0,53.964656829833984,0.0,0.0
247.97617268562317,0.0,54.518192291259766,0.0,0.0
248.20122075080872,0.0,55.06637191772461,0.0,0.0
248.4265365600586,0.0,55.43473434448242,0.0,0.0
248.65171074867249,0.0,55.81625747680664,0.0,0.0
248.87688660621643,0.0,56.034629821777344,0.0,0.0
249.1020224094391,0.0,56.0811653137207,0.0,0.0
249.3276126384735,0.0,56.09804916381836,0.0,0.0
249.5525825023651,0.0,56.21324157714844,0.0,0.0
249.77829432487488,0.0,56.091915130615234,0.0,0.0
250.00300931930542,0.0,55.982723236083984,0.0,0.0
250.22861194610596,0.0,56.15945053100586,0.0,0.0
250.4499671459198,0.0,56.36850357055664,0.0,0.0
250.67504405975342,0.0,56.40665054321289,0.0,0.0
250.90409088134766,0.0,56.59098434448242,0.0,0.0
251.12518954277039,0.0,56.73188400268555,0.0,0.0
251.35114860534668,0.0,56.88369369506836,0.0,0.0
251.57622146606445,0.0,56.92032241821289,0.0,0.0
251.80136823654175,0.0,56.92829132080078,0.0,0.0
252.02638006210327,0.0,56.935462951660156,0.0,0.0
252.25159668922424,0.0,56.74191665649414,0.0,0.0
252.47722125053406,0.0,56.59272384643555,0.0,0.0
252.7021324634552,0.0,56.38344955444336,0.0,0.0
252.92774605751038,0.0,56.12010192871094,0.0,0.0
253.1527132987976,0.0,55.9080924987793,0.0,0.0
253.37805604934692,0.0,55.71728515625,0.0,0.0
253.60336804389954,0.0,55.52055358886719,0.0,0.0
253.82927894592285,0.0,55.44349670410156,0.0,0.0
254.0541431903839,0.0,55.34914779663086,0.0,0.0
254.2799253463745,0.0,55.36423110961914,0.0,0.0
254.50433254241943,0.0,55.35280990600586,0.0,0.0
254.73007607460022,0.0,55.49252700805664,0.0,0.0
254.95480751991272,0.0,55.643272399902344,0.0,0.0
255.1801416873932,0.0,55.57894515991211,0.0,0.0
255.40531873703003,0.0,55.52104949951172,0.0,0.0
255.63099312782288,0.0,55.44394302368164,0.0,0.0
255.85620284080505,0.0,55.37454605102539,0.0,0.0
256.08140802383423,0.0,55.387088775634766,0.0,0.0
256.30711555480957,0.0,55.3483772277832,0.0,0.0
256.5322289466858,0.0,55.2385368347168,0.0,0.0
256.7569029331207,0.0,55.1646842956543,0.0,0.0
256.98230838775635,0.0,55.12321472167969,0.0,0.0
257.2074899673462,0.0,55.010894775390625,0.0,0.0
257.43313670158386,0.0,54.85980224609375,0.0,0.0
257.65395164489746,0.0,54.723819732666016,0.0,0.0
257.87946677207947,0.0,54.52643966674805,0.0,0.0
258.1051778793335,0.0,54.39879608154297,0.0,0.0
258.3297643661499,0.0,54.258914947509766,0.0,0.0
258.5552341938019,0.0,54.183021545410156,0.0,0.0
258.78078055381775,0.0,54.06471633911133,0.0,0.0
259.0062372684479,0.0,54.03324508666992,0.0,0.0
259.23144149780273,0.0,53.95492172241211,0.0,0.0
259.45633602142334,0.0,53.83443069458008,0.0,0.0
259.68179845809937,0.0,53.75098419189453,0.0,0.0
259.907044172287,0.0,53.57588577270508,0.0,0.0
260.1320753097534,0.0,53.543296813964844,0.0,0.0
260.35736751556396,0.0,53.73896408081055,0.0,0.0
260.58322048187256,0.0,53.74006652832031,0.0,0.0
260.8082835674286,0.0,53.79105758666992,0.0,0.0
261.0329749584198,0.0,53.71194839477539,0.0,0.0
261.2582778930664,0.0,53.71575164794922,0.0,0.0
261.483656167984,0.0,53.51917266845703,0.0,0.0
261.7092442512512,0.0,53.217254638671875,0.0,0.0
261.9343807697296,0.0,52.84552764892578,0.0,0.0
262.159663438797,0.0,52.7609748840332,0.0,0.0
262.38499784469604,0.0,52.68487548828125,0.0,0.0
262.61017990112305,0.0,52.49138641357422,0.0,0.0
262.835244178772,0.0,52.31724548339844,0.0,0.0
263.0610990524292,0.0,52.13551712036133,0.0,0.0
263.2857415676117,0.0,51.92196273803711,0.0,0.0
263.5068504810333,0.0,51.92976760864258,0.0,0.0
263.73233819007874,0.0,51.836788177490234,0.0,0.0
263.9577510356903,0.0,51.778106689453125,0.0,0.0
264.18284797668457,0.0,51.575294494628906,0.0,0.0
264.40785455703735,0.0,51.36776351928711,0.0,0.0
264.6338200569153,0.0,51.25598907470703,0.0,0.0
264.85914969444275,0.0,50.88039016723633,0.0,0.0
265.0837140083313,0.0,50.61735153198242,0.0,0.0
265.30927562713623,0.0,51.605613708496094,0.0,0.0
265.5343060493469,0.0,52.59505081176758,0.0,0.0
265.76025128364563,0.0,53.46054458618164,0.0,0.0
265.9848177433014,0.0,54.0894889831543,0.0,0.0
266.21031880378723,0.0,54.60553741455078,0.0,0.0
266.43546414375305,0.0,55.06998062133789,0.0,0.0
266.66094493865967,0.0,55.41297912597656,0.0,0.0
266.886018037796,0.0,55.121681213378906,0.0,0.0
267.11140275001526,0.0,54.809513092041016,0.0,0.0
267.33632826805115,0.0,54.278560638427734,0.0,0.0
267.56227350234985,0.0,53.70070266723633,0.0,0.0
267.787113904953,0.0,53.205631256103516,0.0,0.0
268.0125801563263,0.0,52.86006546020508,0.0,0.0
268.2381384372711,0.0,52.24905776977539,0.0,0.0
268.46298265457153,0.0,51.599151611328125,0.0,0.0
268.6879653930664,0.0,50.91423416137695,0.0,0.0
268.91379857063293,0.0,50.39781188964844,0.0,0.0
269.1387891769409,0.0,49.88302993774414,0.0,0.0
269.3602409362793,0.0,49.36972427368164,0.0,0.0
269.5850384235382,0.0,49.15774917602539,0.0,0.0
269.8106212615967,0.0,48.76697540283203,0.0,0.0
270.03561449050903,0.0,48.34027862548828,0.0,0.0
270.2612144947052,0.0,47.98124694824219,0.0,0.0
270.48606872558594,0.0,47.58312225341797,0.0,0.0
270.7118344306946,0.0,47.19981002807617,0.0,0.0
270.9367434978485,0.0,46.82982635498047,0.0,0.0
271.16223669052124,0.0,46.37184143066406,0.0,0.0
271.38709115982056,0.0,46.00965881347656,0.0,0.0
271.6131784915924,0.0,45.60869216918945,0.0,0.0
271.8381474018097,0.0,45.22282028198242,0.0,0.0
272.06321930885315,0.0,44.800537109375,0.0,0.0
272.28834342956543,0.0,44.3704833984375,0.0,0.0
272.514310836792,0.0,43.95843505859375,0.0,0.0
272.7390697002411,0.0,43.51259231567383,0.0,0.0
272.964054107666,0.0,43.06133270263672,0.0,0.0
273.18931889533997,0.0,42.63019943237305,0.0,0.0
273.4149503707886,0.0,42.24217987060547,0.0,0.0
273.6398723125458,0.0,41.842960357666016,0.0,0.0
273.86550068855286,0.0,41.383663177490234,0.0,0.0
274.0910873413086,0.0,40.82029724121094,0.0,0.0
274.3161790370941,0.0,40.263267517089844,0.0,0.0
274.54122710227966,0.0,39.7369384765625,0.0,0.0
274.76641941070557,0.0,39.2132453918457,0.0,0.0
274.9880847930908,0.0,38.69192123413086,0.0,0.0
275.2127707004547,0.0,38.22272872924805,0.0,0.0
275.43793177604675,0.0,37.80045700073242,0.0,0.0
275.663449048996,0.0,37.37040710449219,0.0,0.0
275.8884551525116,0.0,36.98336410522461,0.0,0.0
276.11425137519836,0.0,36.585025787353516,0.0,0.0
276.33921551704407,0.0,36.22652053833008,0.0,0.0
276.56458616256714,0.0,35.85386657714844,0.0,0.0
276.790132522583,0.0,35.543479919433594,0.0,0.0
277.01469135284424,0.0,35.239131927490234,0.0,0.0
277.24024295806885,0.0,34.915218353271484,0.0,0.0
277.465651512146,0.0,34.623695373535156,0.0,0.0
277.69086170196533,0.0,34.361324310302734,0.0,0.0
277.9162492752075,0.0,34.02519226074219,0.0,0.0
278.1413848400116,0.0,33.797672271728516,0.0,0.0
278.3670902252197,0.0,33.51790237426758,0.0,0.0
278.5922329425812,0.0,33.266109466552734,0.0,0.0
278.81730556488037,0.0,33.06449890136719,0.0,0.0
279.0423893928528,0.0,32.933048248291016,0.0,0.0
279.2674458026886,0.0,32.764739990234375,0.0,0.0
279.49309492111206,0.0,32.61326599121094,0.0,0.0
279.7179491519928,0.0,32.401939392089844,0.0,0.0
279.9436674118042,0.0,32.21174621582031,0.0,0.0
280.1687858104706,0.0,31.940570831298828,0.0,0.0
280.3941614627838,0.0,31.796512603759766,0.0,0.0
280.6190519332886,0.0,31.666860580444336,0.0,0.0
280.84465312957764,0.0,31.550172805786133,0.0,0.0
281.0695307254791,0.0,31.445154190063477,0.0,0.0
281.2951536178589,0.0,31.325637817382812,0.0,0.0
281.5163359642029,0.0,31.193073272705078,0.0,0.0
281.74181747436523,0.0,31.098764419555664,0.0,0.0
281.96704959869385,0.0,30.988887786865234,0.0,0.0
282.19631028175354,0.0,30.81499671936035,0.0,0.0
282.4173674583435,0.0,30.65849494934082,0.0,0.0
282.64235377311707,0.0,30.51764488220215,0.0,0.0
282.86768913269043,0.0,30.390878677368164,0.0,0.0
283.0932238101959,0.0,30.226789474487305,0.0,0.0
283.3182842731476,0.0,30.054109573364258,0.0,0.0
283.5442006587982,0.0,29.948698043823242,0.0,0.0
283.7687382698059,0.0,29.878826141357422,0.0,0.0
283.99427103996277,0.0,29.76594352722168,0.0,0.0
284.2192499637604,0.0,29.63934898376465,0.0,0.0
284.4449887275696,0.0,29.57541275024414,0.0,0.0
284.6697835922241,0.0,29.542869567871094,0.0,0.0
284.89532709121704,0.0,29.513580322265625,0.0,0.0
285.1205630302429,0.0,29.462221145629883,0.0,0.0
285.34629797935486,0.0,29.39099884033203,0.0,0.0
285.57117557525635,0.0,29.37689781188965,0.0,0.0
285.79641795158386,0.0,29.364206314086914,0.0,0.0
286.0217525959015,0.0,29.277786254882812,0.0,0.0
286.2473192214966,0.0,29.20000648498535,0.0,0.0
286.47203278541565,0.0,29.105005264282227,0.0,0.0
286.6975462436676,0.0,29.069503784179688,0.0,0.0
286.9225151538849,0.0,29.062551498413086,0.0,0.0
287.14819383621216,0.0,28.98129653930664,0.0,0.0
287.36896109580994,0.0,28.958166122436523,0.0,0.0
287.5944139957428,0.0,28.912349700927734,0.0,0.0
287.81948161125183,0.0,28.896114349365234,0.0,0.0
288.0486831665039,0.0,28.83150291442871,0.0,0.0
288.27031350135803,0.0,28.773353576660156,0.0,0.0
288.49560022354126,0.0,28.77101707458496,0.0,0.0
288.7204899787903,0.0,28.7689151763916,0.0,0.0
288.94621300697327,0.0,28.6920223236084,0.0,0.0
289.17107105255127,0.0,28.697818756103516,0.0,0.0
289.39630913734436,0.0,28.828035354614258,0.0,0.0
289.6221854686737,0.0,28.94523048400879,0.0,0.0
289.8471987247467,0.0,29.125707626342773,0.0,0.0
290.0723307132721,0.0,29.31313705444336,0.0,0.0
290.2981975078583,0.0,29.556821823120117,0.0,0.0
290.52321553230286,0.0,29.776138305664062,0.0,0.0
290.7484049797058,0.0,29.973522186279297,0.0,0.0
290.9731230735779,0.0,30.151168823242188,0.0,0.0
291.19884634017944,0.0,30.436050415039062,0.0,0.0
291.4240508079529,0.0,30.69244384765625,0.0,0.0
291.6493630409241,0.0,30.8981990814209,0.0,0.0
291.87466502189636,0.0,31.083377838134766,0.0,0.0
292.100239276886,0.0,31.27503776550293,0.0,0.0
292.32525634765625,0.0,31.497533798217773,0.0,0.0
292.5504398345947,0.0,31.722780227661133,0.0,0.0
292.77569580078125,0.0,32.07550048828125,0.0,0.0
293.00073409080505,0.0,32.39295196533203,0.0,0.0
293.22174072265625,0.0,32.653656005859375,0.0,0.0
293.44752407073975,0.0,32.913291931152344,0.0,0.0
293.67233633995056,0.0,33.1469612121582,0.0,0.0
293.898029088974,0.0,33.35726547241211,0.0,0.0
294.1232171058655,0.0,33.571537017822266,0.0,0.0
294.34829807281494,0.0,33.78938293457031,0.0,0.0
294.5734193325043,0.0,34.01044464111328,0.0,0.0
294.79872703552246,0.0,34.2593994140625,0.0,0.0
295.02440214157104,0.0,34.48345947265625,0.0,0.0
295.24950337409973,0.0,34.735111236572266,0.0,0.0
295.4749343395233,0.0,35.036598205566406,0.0,0.0
295.69999408721924,0.0,35.282936096191406,0.0,0.0
295.92534351348877,0.0,35.55464172363281,0.0,0.0
296.1503975391388,0.0,35.77417755126953,0.0,0.0
296.3754529953003,0.0,36.046756744384766,0.0,0.0
296.6008520126343,0.0,36.317081451416016,0.0,0.0
296.8263421058655,0.0,36.56037139892578,0.0,0.0
297.0513508319855,0.0,36.8293342590332,0.0,0.0
297.27719044685364,0.0,37.09640121459961,0.0,0.0
297.5018894672394,0.0,37.336761474609375,0.0,0.0
297.72751808166504,0.0,37.478084564208984,0.0,0.0
297.952406167984,0.0,37.555274963378906,0.0,0.0
298.17811822891235,0.0,37.64974594116211,0.0,0.0
298.40302777290344,0.0,37.759769439697266,0.0,0.0
298.62845373153687,0.0,37.883792877197266,0.0,0.0
298.85374307632446,0.0,38.02041244506836,0.0,0.0
299.07927536964417,0.0,38.143367767333984,0.0,0.0
299.30411171913147,0.0,38.17902755737305,0.0,0.0
299.52967071533203,0.0,38.26112365722656,0.0,0.0
299.75485014915466,0.0,38.33501052856445,0.0,0.0
299.9800441265106,0.0,38.42650604248047,0.0,0.0
300.205203294754,0.0,38.45885467529297,0.0,0.0
300.4261875152588,0.0,38.48796844482422,0.0,0.0
300.65170216560364,0.0,38.5141716003418,0.0,0.0
300.87688994407654,0.0,38.612754821777344,0.0,0.0
301.10274934768677,0.0,38.75148010253906,0.0,0.0
301.32803606987,0.0,38.8513298034668,0.0,0.0
301.55318784713745,0.0,38.916194915771484,0.0,0.0
301.77802419662476,0.0,39.04957580566406,0.0,0.0
302.0034990310669,0.0,39.169620513916016,0.0,0.0
302.22873282432556,0.0,39.30265808105469,0.0,0.0
302.45366525650024,0.0,39.572391510009766,0.0,0.0
302.67922830581665,0.0,39.7901496887207,0.0,0.0
302.90460777282715,0.0,39.96113586425781,0.0,0.0
303.13015818595886,0.0,40.26502227783203,0.0,0.0
303.3551802635193,0.0,40.388519287109375,0.0,0.0
303.58022713661194,0.0,40.44966506958008,0.0,0.0
303.8056492805481,0.0,40.45469665527344,0.0,0.0
304.0312352180481,0.0,40.584224700927734,0.0,0.0
304.25629448890686,0.0,40.75080108642578,0.0,0.0
304.48126554489136,0.0,40.9757194519043,0.0,0.0
304.7067482471466,0.0,41.078147888183594,0.0,0.0
304.9319911003113,0.0,41.19533157348633,0.0,0.0
305.15717792510986,0.0,41.32579803466797,0.0,0.0
305.37836813926697,0.0,41.44321823120117,0.0,0.0
305.60817313194275,0.0,41.498897552490234,0.0,0.0
305.83316111564636,0.0,41.59900665283203,0.0,0.0
306.058207988739,0.0,41.739105224609375,0.0,0.0
306.27946066856384,0.0,41.81519317626953,0.0,0.0
306.50433707237244,0.0,41.90867614746094,0.0,0.0
306.7302100658417,0.0,41.96780776977539,0.0,0.0
306.95499062538147,0.0,41.97102737426758,0.0,0.0
307.18069553375244,0.0,41.94892120361328,0.0,0.0
307.40588665008545,0.0,42.0040283203125,0.0,0.0
307.63074922561646,0.0,42.003623962402344,0.0,0.0
307.85628485679626,0.0,42.02825927734375,0.0,0.0
308.08138155937195,0.0,42.02543258666992,0.0,0.0
308.30719351768494,0.0,41.997886657714844,0.0,0.0
308.53231954574585,0.0,41.948097229003906,0.0,0.0
308.7574157714844,0.0,41.903289794921875,0.0,0.0
308.9833810329437,0.0,41.96295928955078,0.0,0.0
309.20794558525085,0.0,41.991661071777344,0.0,0.0
309.4334557056427,0.0,42.017494201660156,0.0,0.0
309.6581633090973,0.0,42.040740966796875,0.0,0.0
309.8836033344269,0.0,42.01166534423828,0.0,0.0
310.1091742515564,0.0,42.06049728393555,0.0,0.0
310.3340480327606,0.0,42.02944564819336,0.0,0.0
310.5597186088562,0.0,42.05149841308594,0.0,0.0
310.78456473350525,0.0,42.1213493347168,0.0,0.0
311.0100347995758,0.0,42.08421325683594,0.0,0.0
311.2312693595886,0.0,42.07579040527344,0.0,0.0
311.4606604576111,0.0,42.06821060180664,0.0,0.0
311.6856036186218,0.0,42.0613899230957,0.0,0.0
311.9112012386322,0.0,42.030250549316406,0.0,0.0
312.1322994232178,0.0,42.052223205566406,0.0,0.0
312.3581008911133,0.0,42.02199935913086,0.0,0.0
312.58276104927063,0.0,42.019798278808594,0.0,0.0
312.8083848953247,0.0,42.09281921386719,0.0,0.0
313.03321290016174,0.0,42.13353729248047,0.0,0.0
313.2586636543274,0.0,42.22018051147461,0.0,0.0
313.4837644100189,0.0,42.34815979003906,0.0,0.0
313.7093267440796,0.0,42.388343811035156,0.0,0.0
313.9342234134674,0.0,42.54951095581055,0.0,0.0
314.15939259529114,0.0,42.71955871582031,0.0,0.0
314.3847734928131,0.0,42.822601318359375,0.0,0.0
314.6102638244629,0.0,42.94034194946289,0.0,0.0
314.8356125354767,0.0,43.07130432128906,0.0,0.0
315.06123518943787,0.0,43.11417007446289,0.0,0.0
315.2857186794281,0.0,43.17775344848633,0.0,0.0
315.51139187812805,0.0,43.259979248046875,0.0,0.0
315.7363486289978,0.0,43.333980560302734,0.0,0.0
315.9619815349579,0.0,43.40058135986328,0.0,0.0
316.1869332790375,0.0,43.46052551269531,0.0,0.0
316.4125163555145,0.0,43.53947067260742,0.0,0.0
316.6380503177643,0.0,43.58552551269531,0.0,0.0
316.8627073764801,0.0,43.60197067260742,0.0,0.0
317.08376598358154,0.0,43.5667724609375,0.0,0.0
317.31349992752075,0.0,43.6100959777832,0.0,0.0
317.53920006752014,0.0,43.649085998535156,0.0,0.0
317.7602570056915,0.0,43.659175872802734,0.0,0.0
317.98490715026855,0.0,43.74325942993164,0.0,0.0
318.2104594707489,0.0,43.79393005371094,0.0,0.0
318.4354336261749,0.0,43.86453628540039,0.0,0.0
318.6607720851898,0.0,43.903079986572266,0.0,0.0
318.88617634773254,0.0,43.91277313232422,0.0,0.0
319.11158657073975,0.0,43.946495056152344,0.0,0.0
319.336683511734,0.0,43.976844787597656,0.0,0.0
319.5622453689575,0.0,44.02915954589844,0.0,0.0
319.78733134269714,0.0,43.95124435424805,0.0,0.0
320.01315093040466,0.0,43.88111877441406,0.0,0.0
320.2375240325928,0.0,43.793006896972656,0.0,0.0
320.46328377723694,0.0,43.763702392578125,0.0,0.0
320.68830037117004,0.0,43.71233367919922,0.0,0.0
320.9136953353882,0.0,43.71609878540039,0.0,0.0
321.1391842365265,0.0,43.66948699951172,0.0,0.0
321.36424922943115,0.0,43.67753601074219,0.0,0.0
321.58959698677063,0.0,43.6597785949707,0.0,0.0
321.81529450416565,0.0,43.59379959106445,0.0,0.0
322.04004430770874,0.0,43.63441848754883,0.0,0.0
322.26506662368774,0.0,43.620975494384766,0.0,0.0
322.49058175086975,0.0,43.63387680053711,0.0,0.0
322.7164795398712,0.0,43.620487213134766,0.0,0.0
322.9410927295685,0.0,43.65843963623047,0.0,0.0
323.1664574146271,0.0,43.66759490966797,0.0,0.0
323.39207100868225,0.0,43.65083312988281,0.0,0.0
323.6167402267456,0.0,43.610748291015625,0.0,0.0
323.8423082828522,0.0,43.5496711730957,0.0,0.0
324.06716442108154,0.0,43.49470138549805,0.0,0.0
324.28873682022095,0.0,43.545230865478516,0.0,0.0
324.5143003463745,0.0,43.5907096862793,0.0,0.0
324.73923921585083,0.0,43.581634521484375,0.0,0.0
324.9682855606079,0.0,43.623470306396484,0.0,0.0
325.18984055519104,0.0,43.66112518310547,0.0,0.0
325.4151074886322,0.0,43.670013427734375,0.0,0.0
325.64021372795105,0.0,43.7030143737793,0.0,0.0
325.8656795024872,0.0,43.70771026611328,0.0,0.0
326.09126901626587,0.0,43.76193618774414,0.0,0.0
326.31666827201843,0.0,43.785743713378906,0.0,0.0
326.54123973846436,0.0,43.80717086791992,0.0,0.0
326.7664566040039,0.0,43.901451110839844,0.0,0.0
326.991925239563,0.0,43.986305236816406,0.0,0.0
327.2168519496918,0.0,44.06267166137695,0.0,0.0
327.4423882961273,0.0,44.156402587890625,0.0,0.0
327.6673285961151,0.0,44.21575927734375,0.0,0.0
327.8931610584259,0.0,44.219181060791016,0.0,0.0
328.11793422698975,0.0,44.29726028442383,0.0,0.0
328.3434565067291,0.0,44.24253463745117,0.0,0.0
328.56855940818787,0.0,44.293277740478516,0.0,0.0
328.79428267478943,0.0,44.31394958496094,0.0,0.0
329.01904797554016,0.0,44.282554626464844,0.0,0.0
329.24455094337463,0.0,44.25429916381836,0.0,0.0
329.46942806243896,0.0,44.2288703918457,0.0,0.0
329.6952841281891,0.0,44.18098068237305,0.0,0.0
329.9203636646271,0.0,44.16288375854492,0.0,0.0
330.14160776138306,0.0,44.1465950012207,0.0,0.0
330.3665060997009,0.0,44.05693435668945,0.0,0.0
330.5922477245331,0.0,44.00123977661133,0.0,0.0
330.8213827610016,0.0,44.00111770629883,0.0,0.0
331.0427541732788,0.0,44.001007080078125,0.0,0.0
331.2676012516022,0.0,43.925907135009766,0.0,0.0
331.4931321144104,0.0,43.93331527709961,0.0,0.0
331.7183029651642,0.0,43.98998260498047,0.0,0.0
331.943776845932,0.0,44.01598358154297,0.0,0.0
332.1687021255493,0.0,44.03938293457031,0.0,0.0
332.39424443244934,0.0,44.06044387817383,0.0,0.0
332.6193597316742,0.0,44.104400634765625,0.0,0.0
332.8453161716461,0.0,44.11895751953125,0.0,0.0
333.06996607780457,0.0,44.15706253051758,0.0,0.0
333.2952392101288,0.0,44.19135665893555,0.0,0.0
333.5205202102661,0.0,44.22222137451172,0.0,0.0
333.74571418762207,0.0,44.27499771118164,0.0,0.0
333.9708158969879,0.0,45.02249526977539,0.0,0.0
334.1963231563568,0.0,45.720245361328125,0.0,0.0
334.4217052459717,0.0,46.27322006225586,0.0,0.0
334.6472420692444,0.0,46.69589614868164,0.0,0.0
334.8722810745239,0.0,47.051307678222656,0.0,0.0
335.09752011299133,0.0,47.32117462158203,0.0,0.0
335.32303619384766,0.0,46.86405944824219,0.0,0.0
335.5481770038605,0.0,46.42765426635742,0.0,0.0
335.77300572395325,0.0,46.1348876953125,0.0,0.0
335.9943199157715,0.0,45.82139587402344,0.0,0.0
336.21938395500183,0.0,45.46425247192383,0.0,0.0
336.4448461532593,0.0,44.992828369140625,0.0,0.0
336.6700713634491,0.0,44.54354476928711,0.0,0.0
336.89507007598877,0.0,44.064186096191406,0.0,0.0
337.1203691959381,0.0,43.582767486572266,0.0,0.0
337.34613013267517,0.0,43.07448959350586,0.0,0.0
337.5711750984192,0.0,42.54204177856445,0.0,0.0
337.7967290878296,0.0,41.96283721923828,0.0,0.0
338.0223197937012,0.0,41.39155197143555,0.0,0.0
338.2467713356018,0.0,40.827396392822266,0.0,0.0
338.47196888923645,0.0,40.31965637207031,0.0,0.0
338.69780373573303,0.0,39.81269073486328,0.0,0.0
338.92288541793823,0.0,39.38142013549805,0.0,0.0
339.1483452320099,0.0,38.91827392578125,0.0,0.0
339.3733608722687,0.0,38.451446533203125,0.0,0.0
339.5992660522461,0.0,38.05630111694336,0.0,0.0
339.8242747783661,0.0,37.5756721496582,0.0,0.0
340.04946875572205,0.0,37.143104553222656,0.0,0.0
340.2746434211731,0.0,36.803794860839844,0.0,0.0
340.4996817111969,0.0,36.398414611816406,0.0,0.0
340.72513461112976,0.0,36.058570861816406,0.0,0.0
340.95000886917114,0.0,35.70271301269531,0.0,0.0
341.17529010772705,0.0,35.35744094848633,0.0,0.0
341.40062189102173,0.0,35.071693420410156,0.0,0.0
341.6257801055908,0.0,34.764522552490234,0.0,0.0
341.85103249549866,0.0,34.488067626953125,0.0,0.0
342.0770981311798,0.0,34.264259338378906,0.0,0.0
342.30164861679077,0.0,34.06283187866211,0.0,0.0
342.52722811698914,0.0,33.831546783447266,0.0,0.0
342.75215888023376,0.0,33.57339096069336,0.0,0.0
342.9778883457184,0.0,33.34104919433594,0.0,0.0
343.1986017227173,0.0,33.10694122314453,0.0,0.0
343.42391705513,0.0,32.896244049072266,0.0,0.0
343.6494212150574,0.0,32.681617736816406,0.0,0.0
343.87518072128296,0.0,32.43845748901367,0.0,0.0
344.0998303890228,0.0,32.24460983276367,0.0,0.0
344.3254041671753,0.0,32.04514694213867,0.0,0.0
344.5503432750702,0.0,31.865631103515625,0.0,0.0
344.7753987312317,0.0,31.679067611694336,0.0,0.0
345.000864982605,0.0,31.511159896850586,0.0,0.0
345.226393699646,0.0,31.360042572021484,0.0,0.0
345.4513666629791,0.0,31.17403793334961,0.0,0.0
345.6765923500061,0.0,31.006633758544922,0.0,0.0
345.90197706222534,0.0,30.780969619750977,0.0,0.0
346.1274528503418,0.0,30.577871322631836,0.0,0.0
346.3526909351349,0.0,30.445083618164062,0.0,0.0
346.5774977207184,0.0,30.300573348999023,0.0,0.0
346.80311942100525,0.0,30.170515060424805,0.0,0.0
347.0282998085022,0.0,30.103464126586914,0.0,0.0
347.25344920158386,0.0,29.943117141723633,0.0,0.0
347.47914576530457,0.0,29.873804092407227,0.0,0.0
347.70413398742676,0.0,29.786422729492188,0.0,0.0
347.92957496643066,0.0,29.732778549194336,0.0,0.0
348.15054512023926,0.0,29.659500122070312,0.0,0.0
348.3801815509796,0.0,29.618549346923828,0.0,0.0
348.6053111553192,0.0,29.531694412231445,0.0,0.0
348.83029890060425,0.0,29.503522872924805,0.0,0.0
349.0514917373657,0.0,29.453168869018555,0.0,0.0
349.2771463394165,0.0,29.482851028442383,0.0,0.0
349.5019929409027,0.0,29.534564971923828,0.0,0.0
349.72779297828674,0.0,29.556108474731445,0.0,0.0
349.9525029659271,0.0,29.650495529174805,0.0,0.0
350.17826652526855,0.0,29.710445404052734,0.0,0.0
350.4033536911011,0.0,29.589401245117188,0.0,0.0
350.62908458709717,0.0,29.455461502075195,0.0,0.0
350.8543384075165,0.0,29.334915161132812,0.0,0.0
351.0792181491852,0.0,29.251422882080078,0.0,0.0
351.30445194244385,0.0,29.20128059387207,0.0,0.0
351.52984619140625,0.0,29.156152725219727,0.0,0.0
351.7548243999481,0.0,29.040536880493164,0.0,0.0
351.98023200035095,0.0,29.01148223876953,0.0,0.0
352.2053294181824,0.0,28.985332489013672,0.0,0.0
352.4309148788452,0.0,28.936798095703125,0.0,0.0
352.6561846733093,0.0,28.943117141723633,0.0,0.0
352.8812527656555,0.0,28.923805236816406,0.0,0.0
353.1067142486572,0.0,28.93142318725586,0.0,0.0
353.3323061466217,0.0,28.93828010559082,0.0,0.0
353.55728816986084,0.0,28.919450759887695,0.0,0.0
353.7823977470398,0.0,29.052505493164062,0.0,0.0
354.00320959091187,0.0,29.29725456237793,0.0,0.0
354.2329156398773,0.0,29.517528533935547,0.0,0.0
354.45823645591736,0.0,29.765775680541992,0.0,0.0
354.6832661628723,0.0,30.239198684692383,0.0,0.0
354.9050340652466,0.0,30.59027862548828,0.0,0.0
355.1302242279053,0.0,30.881250381469727,0.0,0.0
355.35530734062195,0.0,31.143125534057617,0.0,0.0
355.58013105392456,0.0,31.253812789916992,0.0,0.0
355.80617475509644,0.0,31.428430557250977,0.0,0.0
356.03071093559265,0.0,31.535587310791016,0.0,0.0
356.25631499290466,0.0,31.55702781677246,0.0,0.0
356.48169469833374,0.0,31.67632484436035,0.0,0.0
356.7067770957947,0.0,31.808691024780273,0.0,0.0
356.9321720600128,0.0,32.12782287597656,0.0,0.0
357.15698504447937,0.0,32.46503829956055,0.0,0.0
357.38217782974243,0.0,32.718536376953125,0.0,0.0
357.6081368923187,0.0,32.871681213378906,0.0,0.0
357.83283829689026,0.0,33.00951385498047,0.0,0.0
358.0583701133728,0.0,33.10856246948242,0.0,0.0
358.28338646888733,0.0,33.22270584106445,0.0,0.0
358.5090494155884,0.0,33.27543640136719,0.0,0.0
358.7340757846832,0.0,33.397891998291016,0.0,0.0
358.95946288108826,0.0,33.45810317993164,0.0,0.0
359.18444061279297,0.0,33.53729248046875,0.0,0.0
359.41030955314636,0.0,33.53356170654297,0.0,0.0
359.6350610256195,0.0,33.580204010009766,0.0,0.0
359.8563587665558,0.0,33.572181701660156,0.0,0.0
360.0858335494995,0.0,33.51496124267578,0.0,0.0
360.3112735748291,0.0,33.48846435546875,0.0,0.0
360.5321352481842,0.0,33.53961944580078,0.0,0.0
360.7575533390045,0.0,33.58565902709961,0.0,0.0
360.9825963973999,0.0,33.60209274291992,0.0,0.0
361.20810627937317,0.0,33.61688232421875,0.0,0.0
361.4330484867096,0.0,33.58019256591797,0.0,0.0
361.65875363349915,0.0,33.69717025756836,0.0,0.0
361.88366174697876,0.0,33.77745056152344,0.0,0.0
362.1091675758362,0.0,34.02470397949219,0.0,0.0
362.33423686027527,0.0,34.39723205566406,0.0,0.0
362.56012058258057,0.0,34.85750961303711,0.0,0.0
362.7847957611084,0.0,35.22175598144531,0.0,0.0
363.0101730823517,0.0,35.39957809448242,0.0,0.0
363.2351474761963,0.0,35.609619140625,0.0,0.0
363.4608881473541,0.0,35.79865646362305,0.0,0.0
363.68608570098877,0.0,35.99378967285156,0.0,0.0
363.91128063201904,0.0,36.244407653808594,0.0,0.0
364.13655281066895,0.0,36.31996536254883,0.0,0.0
364.3621425628662,0.0,36.48796844482422,0.0,0.0
364.5871467590332,0.0,36.614173889160156,0.0,0.0
364.81244802474976,0.0,36.65275573730469,0.0,0.0
365.0374882221222,0.0,36.662479400634766,0.0,0.0
365.26290702819824,0.0,36.77123260498047,0.0,0.0
365.48811435699463,0.0,36.79410934448242,0.0,0.0
365.7135319709778,0.0,36.83969497680664,0.0,0.0
365.93843626976013,0.0,36.88072204589844,0.0,0.0
366.1642620563507,0.0,36.89265060424805,0.0,0.0
366.38925218582153,0.0,36.928382873535156,0.0,0.0
366.6141550540924,0.0,36.88554382324219,0.0,0.0
366.8399007320404,0.0,37.02198791503906,0.0,0.0
367.0612795352936,0.0,36.969791412353516,0.0,0.0
367.2862186431885,0.0,36.99781036376953,0.0,0.0
367.51112055778503,0.0,37.073028564453125,0.0,0.0
367.7366569042206,0.0,37.14072799682617,0.0,0.0
367.9621922969818,0.0,37.17665481567383,0.0,0.0
368.1873211860657,0.0,37.083988189697266,0.0,0.0
368.4122304916382,0.0,36.95058822631836,0.0,0.0
368.6381502151489,0.0,36.855525970458984,0.0,0.0
368.8631763458252,0.0,36.719970703125,0.0,0.0
369.08832716941833,0.0,36.6729736328125,0.0,0.0
369.3137037754059,0.0,36.780677795410156,0.0,0.0
369.53913378715515,0.0,36.827606201171875,0.0,0.0
369.7639365196228,0.0,36.969844818115234,0.0,0.0
369.98944449424744,0.0,37.17285919189453,0.0,0.0
370.21491265296936,0.0,37.280574798583984,0.0,0.0
370.4400360584259,0.0,37.37751770019531,0.0,0.0
370.6649088859558,0.0,37.41476821899414,0.0,0.0
370.8905940055847,0.0,37.44829177856445,0.0,0.0
371.1157035827637,0.0,37.40346145629883,0.0,0.0
371.34118604660034,0.0,37.41311264038086,0.0,0.0
371.56606101989746,0.0,37.37179946899414,0.0,0.0
371.7917215824127,0.0,37.359615325927734,0.0,0.0
372.0166893005371,0.0,37.34865188598633,0.0,0.0
372.2422580718994,0.0,37.338783264160156,0.0,0.0
372.4672532081604,0.0,37.30490493774414,0.0,0.0
372.6927514076233,0.0,37.34941482543945,0.0,0.0
372.9137191772461,0.0,37.38947296142578,0.0,0.0
373.13878297805786,0.0,37.450523376464844,0.0,0.0
373.3644013404846,0.0,37.480472564697266,0.0,0.0
373.590136051178,0.0,37.43242645263672,0.0,0.0
373.8145401477814,0.0,37.389183044433594,0.0,0.0
374.04017877578735,0.0,37.37526321411133,0.0,0.0
374.26563119888306,0.0,37.31273651123047,0.0,0.0
374.4907922744751,0.0,37.156463623046875,0.0,0.0
374.71581530570984,0.0,37.06581497192383,0.0,0.0
374.94107580184937,0.0,36.959232330322266,0.0,0.0
375.16619896888733,0.0,37.03831100463867,0.0,0.0
375.39139914512634,0.0,37.059478759765625,0.0,0.0
375.61675548553467,0.0,37.10353088378906,0.0,0.0
375.8423156738281,0.0,37.218177795410156,0.0,0.0
376.06740736961365,0.0,37.2713623046875,0.0,0.0
376.293221950531,0.0,37.29422378540039,0.0,0.0
376.5179533958435,0.0,37.289798736572266,0.0,0.0
376.743314743042,0.0,37.28581619262695,0.0,0.0
376.9684190750122,0.0,37.257232666015625,0.0,0.0
377.1936528682709,0.0,37.231510162353516,0.0,0.0
377.41921949386597,0.0,37.20835876464844,0.0,0.0
377.64435720443726,0.0,37.312522888183594,0.0,0.0
377.8700952529907,0.0,37.23126983642578,0.0,0.0
378.09517455101013,0.0,37.28314208984375,0.0,0.0
378.32019233703613,0.0,37.30482864379883,0.0,0.0
378.54607629776,0.0,37.34934616088867,0.0,0.0
378.7665390968323,0.0,37.43941116333008,0.0,0.0
378.9920690059662,0.0,37.4704704284668,0.0,0.0
379.21702337265015,0.0,37.52342224121094,0.0,0.0
379.44266653060913,0.0,37.57107925415039,0.0,0.0
379.66776299476624,0.0,37.563968658447266,0.0,0.0
379.89326429367065,0.0,37.48257064819336,0.0,0.0
380.1181490421295,0.0,37.4343147277832,0.0,0.0
380.34334993362427,0.0,37.365882873535156,0.0,0.0
380.56904125213623,0.0,37.32929611206055,0.0,0.0
380.79419922828674,0.0,37.34636688232422,0.0,0.0
381.0191705226898,0.0,37.36172866821289,0.0,0.0
381.24474334716797,0.0,37.375553131103516,0.0,0.0
381.46968722343445,0.0,37.387996673583984,0.0,0.0
381.6951107978821,0.0,37.34919738769531,0.0,0.0
381.920396566391,0.0,37.414276123046875,0.0,0.0
382.14618825912476,0.0,37.39784622192383,0.0,0.0
382.37118673324585,0.0,37.43306350708008,0.0,0.0
382.5962314605713,0.0,37.48975372314453,0.0,0.0
382.8215026855469,0.0,37.540775299072266,0.0,0.0
383.0466592311859,0.0,37.58669662475586,0.0,0.0
383.2720410823822,0.0,37.62802505493164,0.0,0.0
383.497433423996,0.0,37.6152229309082,0.0,0.0
383.7225549221039,0.0,37.5536994934082,0.0,0.0
383.9483153820038,0.0,37.57332992553711,0.0,0.0
384.173184633255,0.0,37.59099578857422,0.0,0.0
384.3984909057617,0.0,37.606895446777344,0.0,0.0
384.6241114139557,0.0,37.59620666503906,0.0,0.0
384.84873604774475,0.0,37.586585998535156,0.0,0.0
385.07420587539673,0.0,37.55292510986328,0.0,0.0
385.2953608036041,0.0,37.547630310058594,0.0,0.0
385.52480268478394,0.0,37.567867279052734,0.0,0.0
385.7498240470886,0.0,37.611080169677734,0.0,0.0
385.9712016582489,0.0,38.599971771240234,0.0,0.0
386.19634318351746,0.0,39.539974212646484,0.0,0.0
386.4221782684326,0.0,40.3859748840332,0.0,0.0
386.64720916748047,0.0,41.0723762512207,0.0,0.0
386.8722405433655,0.0,41.665138244628906,0.0,0.0
387.0975704193115,0.0,42.19862365722656,0.0,0.0
387.32315850257874,0.0,42.603759765625,0.0,0.0
387.5476727485657,0.0,42.91838455200195,0.0,0.0
387.77337861061096,0.0,43.176544189453125,0.0,0.0
387.9987585544586,0.0,43.38389205932617,0.0,0.0
388.2237174510956,0.0,43.49550247192383,0.0,0.0
388.44886207580566,0.0,43.620948791503906,0.0,0.0
388.67446732521057,0.0,43.60885238647461,0.0,0.0
388.8994777202606,0.0,43.62296676635742,0.0,0.0
389.12521266937256,0.0,43.585670471191406,0.0,0.0
389.35002994537354,0.0,43.502105712890625,0.0,0.0
389.57557249069214,0.0,43.37689208984375,0.0,0.0
389.8004357814789,0.0,43.214202880859375,0.0,0.0
390.0262043476105,0.0,43.042781829833984,0.0,0.0
390.2510344982147,0.0,42.88850402832031,0.0,0.0
390.4766459465027,0.0,42.699649810791016,0.0,0.0
390.7016751766205,0.0,42.47968292236328,0.0,0.0
390.92319416999817,0.0,42.28171157836914,0.0,0.0
391.1483392715454,0.0,42.0035400390625,0.0,0.0
391.378187417984,0.0,41.803184509277344,0.0,0.0
391.6031675338745,0.0,41.5728645324707,0.0,0.0
391.82429933547974,0.0,41.31557846069336,0.0,0.0
392.0491952896118,0.0,41.05902099609375,0.0,0.0
392.2747411727905,0.0,40.82811737060547,0.0,0.0
392.4997408390045,0.0,40.59530258178711,0.0,0.0
392.72521328926086,0.0,40.33576965332031,0.0,0.0
392.95014357566833,0.0,40.07719421386719,0.0,0.0
393.17618799209595,0.0,39.81947326660156,0.0,0.0
393.4006140232086,0.0,39.53752517700195,0.0,0.0
393.6262147426605,0.0,39.28377151489258,0.0,0.0
393.85147428512573,0.0,38.98039245605469,0.0,0.0
394.0772457122803,0.0,38.75735092163086,0.0,0.0
394.3020215034485,0.0,38.506614685058594,0.0,0.0
394.52730202674866,0.0,38.230953216552734,0.0,0.0
394.7523159980774,0.0,37.98285675048828,0.0,0.0
394.9780068397522,0.0,37.73456954956055,0.0,0.0
395.20306062698364,0.0,37.53611373901367,0.0,0.0
395.428364276886,0.0,37.282501220703125,0.0,0.0
395.653767824173,0.0,37.004249572753906,0.0,0.0
395.8792676925659,0.0,36.77882385253906,0.0,0.0
396.1041748523712,0.0,36.4759407043457,0.0,0.0
396.32935786247253,0.0,36.22834777832031,0.0,0.0
396.55503273010254,0.0,35.955509185791016,0.0,0.0
396.77594351768494,0.0,35.60995864868164,0.0,0.0
397.0008490085602,0.0,35.348960876464844,0.0,0.0
397.23023104667664,0.0,35.08906555175781,0.0,0.0
397.45579838752747,0.0,34.83015823364258,0.0,0.0
397.6772313117981,0.0,34.672142028808594,0.0,0.0
397.9021825790405,0.0,34.52992630004883,0.0,0.0
398.12713050842285,0.0,34.40193176269531,0.0,0.0
398.35328555107117,0.0,34.26173782348633,0.0,0.0
398.5782096385956,0.0,34.135562896728516,0.0,0.0
398.8032121658325,0.0,33.972007751464844,0.0,0.0
399.02842569351196,0.0,33.824806213378906,0.0,0.0
399.2538032531738,0.0,33.71732711791992,0.0,0.0
399.47910380363464,0.0,33.54559326171875,0.0,0.0
399.70401668548584,0.0,33.31603240966797,0.0,0.0
399.930082321167,0.0,33.18442916870117,0.0,0.0
400.15526270866394,0.0,33.040985107421875,0.0,0.0
400.3800616264343,0.0,32.936885833740234,0.0,0.0
400.60539650917053,0.0,32.81819534301758,0.0,0.0
400.8307418823242,0.0,32.71137619018555,0.0,0.0
401.0562620162964,0.0,32.615238189697266,0.0,0.0
401.28144216537476,0.0,32.50371551513672,0.0,0.0
401.5064914226532,0.0,32.37834167480469,0.0,0.0
401.7316462993622,0.0,32.21550750732422,0.0,0.0
401.9567885398865,0.0,32.0439567565918,0.0,0.0
402.1820423603058,0.0,31.889558792114258,0.0,0.0
402.40761613845825,0.0,31.775602340698242,0.0,0.0
402.628701210022,0.0,31.598041534423828,0.0,0.0
402.8537218570709,0.0,31.488235473632812,0.0,0.0
403.08316588401794,0.0,31.3894100189209,0.0,0.0
403.3042016029358,0.0,31.250469207763672,0.0,0.0
403.52961802482605,0.0,31.12542152404785,0.0,0.0
403.7548360824585,0.0,30.937877655029297,0.0,0.0
403.9800703525543,0.0,30.769088745117188,0.0,0.0
404.20541882514954,0.0,30.642179489135742,0.0,0.0
404.4309856891632,0.0,30.552961349487305,0.0,0.0
404.65638732910156,0.0,30.422664642333984,0.0,0.0
404.88132309913635,0.0,30.330398559570312,0.0,0.0
405.10722184181213,0.0,30.197357177734375,0.0,0.0
405.3316352367401,0.0,30.102619171142578,0.0,0.0
405.5568346977234,0.0,30.042356491088867,0.0,0.0
405.7823705673218,0.0,29.938119888305664,0.0,0.0
406.00790143013,0.0,29.84430694580078,0.0,0.0
406.23331236839294,0.0,29.75987434387207,0.0,0.0
406.45826530456543,0.0,29.68388557434082,0.0,0.0
406.6834201812744,0.0,29.590496063232422,0.0,0.0
406.90870451927185,0.0,29.506444931030273,0.0,0.0
407.1339023113251,0.0,29.380800247192383,0.0,0.0
407.35941553115845,0.0,29.292720794677734,0.0,0.0
407.5843389034271,0.0,29.21344757080078,0.0,0.0
407.80978417396545,0.0,29.167102813720703,0.0,0.0
408.03480434417725,0.0,29.050390243530273,0.0,0.0
408.26037883758545,0.0,28.970352172851562,0.0,0.0
408.4862072467804,0.0,28.898317337036133,0.0,0.0
408.7111394405365,0.0,28.783485412597656,0.0,0.0
408.9361972808838,0.0,28.705135345458984,0.0,0.0
409.1615421772003,0.0,28.659622192382812,0.0,0.0
409.3871898651123,0.0,28.593658447265625,0.0,0.0
409.61228823661804,0.0,28.534290313720703,0.0,0.0
