Time(s),Setpoint (C),Temperature (C),TotalOutput (%),PIDOutput (%)
0.5444431304931641,0.0,25.78304100036621,0.0,0.0
0.6537437438964844,0.0,25.754735946655273,0.0,0.0
0.7657270431518555,-201457664.0,5.62951479344609e-39,-1.7180701306074297e-13,0.0
0.8772540092468262,0.0,25.758934020996094,0.0,0.0
0.9838676452636719,0.0,25.78304100036621,0.0,0.0
1.0833964347839355,0.0,25.754735946655273,0.0,0.0
1.196263074874878,850145826570240.0,6.825169975854806e-07,6.857130352318491e+22,4.416658199514062e+21
1.3100345134735107,0.0,25.499998092651367,0.0,0.0
1.4216656684875488,0.0,25.574996948242188,0.0,0.0
1.5304219722747803,0.0,25.592496871948242,0.0,0.0
1.6430764198303223,0.0,25.5832462310791,0.0,0.0
1.7406487464904785,0.0,25.574920654296875,0.0,0.0
1.8608918190002441,0.0,25.567426681518555,0.0,0.0
1.9656336307525635,0.0,25.585683822631836,0.0,0.0
2.0689198970794678,0.0,25.57711410522461,0.0,0.0
2.181429624557495,0.0,25.594402313232422,0.0,0.0
2.2954206466674805,0.0,25.63496208190918,0.0,0.0
2.397855520248413,0.0,25.646465301513672,0.0,0.0
2.5748703479766846,0.0,25.656818389892578,0.0,0.0
2.6294548511505127,0.0,25.616134643554688,0.0,0.0
2.8220577239990234,0.0,25.629520416259766,0.0,0.0
3.0468251705169678,0.0,25.616567611694336,0.0,0.0
3.272134304046631,0.0,25.604909896850586,0.0,0.0
3.497507333755493,0.0,25.594417572021484,0.0,0.0
3.723111391067505,0.0,25.609975814819336,0.0,0.0
3.9478917121887207,0.0,25.623977661132812,0.0,0.0
4.1735451221466064,0.0,25.661579132080078,0.0,0.0
4.398340463638306,0.0,25.670421600341797,0.0,0.0
4.624099969863892,0.0,25.67837905883789,0.0,0.0
4.848923921585083,0.0,25.660539627075195,0.0,0.0
5.074519395828247,0.0,25.69448471069336,0.0,0.0
5.299524307250977,0.0,25.700037002563477,0.0,0.0
5.525169372558594,0.0,25.655033111572266,0.0,0.0
5.750136375427246,0.0,25.66452980041504,0.0,0.0
5.97529149055481,0.0,25.673076629638672,0.0,0.0
6.200734853744507,0.0,25.680768966674805,0.0,0.0
6.426187515258789,0.0,25.637691497802734,0.0,0.0
6.6512768268585205,0.0,25.673921585083008,0.0,0.0
6.873057842254639,0.0,25.681529998779297,0.0,0.0
7.097548723220825,0.0,25.688377380371094,0.0,0.0
7.32292628288269,0.0,25.719539642333984,0.0,0.0
7.548133134841919,0.0,25.722585678100586,0.0,0.0
7.774033069610596,0.0,25.70032501220703,0.0,0.0
7.998594522476196,0.0,25.705291748046875,0.0,0.0
8.223989963531494,0.0,25.68476104736328,0.0,0.0
8.449090957641602,0.0,25.64128303527832,0.0,0.0
8.674527406692505,0.0,25.65215492248535,0.0,0.0
8.899624824523926,0.0,25.66193962097168,0.0,0.0
9.125197172164917,0.0,25.595745086669922,0.0,0.0
9.350213766098022,0.0,25.611169815063477,0.0,0.0
9.576124429702759,0.0,25.600051879882812,0.0,0.0
9.801151275634766,0.0,25.615047454833984,0.0,0.0
10.026208877563477,0.0,25.628541946411133,0.0,0.0
10.251977682113647,0.0,25.615686416625977,0.0,0.0
10.476940631866455,0.0,25.604116439819336,0.0,0.0
10.702071189880371,0.0,25.593704223632812,0.0,0.0
10.927273988723755,0.0,25.5593318939209,0.0,0.0
11.153148651123047,0.0,25.55339813232422,0.0,0.0
11.37813401222229,0.0,25.57305908203125,0.0,0.0
11.603154420852661,0.0,25.540752410888672,0.0,0.0
11.824338436126709,0.0,25.53667640686035,0.0,0.0
12.049288034439087,0.0,25.508007049560547,0.0,0.0
12.278809309005737,0.0,25.48220443725586,0.0,0.0
12.50417685508728,0.0,25.458982467651367,0.0,0.0
12.725253105163574,0.0,25.463083267211914,0.0,0.0
12.951214075088501,0.0,25.491775512695312,0.0,0.0
13.17603325843811,0.0,25.46759605407715,0.0,0.0
13.400888442993164,0.0,25.470834732055664,0.0,0.0
13.626676321029663,0.0,25.4737491607666,0.0,0.0
13.852093696594238,0.0,25.501375198364258,0.0,0.0
14.077197074890137,0.0,25.47623634338379,0.0,0.0
14.302385568618774,0.0,25.453611373901367,0.0,0.0
14.52804160118103,0.0,25.383249282836914,0.0,0.0
14.75312089920044,0.0,25.369922637939453,0.0,0.0
14.978027582168579,0.0,25.407930374145508,0.0,0.0
15.203291416168213,0.0,25.41713523864746,0.0,0.0
15.42874264717102,0.0,25.475421905517578,0.0,0.0
15.654236316680908,0.0,25.452878952026367,0.0,0.0
15.87886643409729,0.0,25.407590866088867,0.0,0.0
16.104142904281616,0.0,25.366830825805664,0.0,0.0
16.32950210571289,0.0,25.33014678955078,0.0,0.0
16.555226802825928,0.0,25.32213020324707,0.0,0.0
16.780068397521973,0.0,25.339916229248047,0.0,0.0
17.00570058822632,0.0,25.305923461914062,0.0,0.0
17.230531692504883,0.0,25.27532958984375,0.0,0.0
17.45571780204773,0.0,25.272794723510742,0.0,0.0
17.6773042678833,0.0,25.245513916015625,0.0,0.0
17.902255535125732,0.0,25.220962524414062,0.0,0.0
18.12756633758545,0.0,25.248865127563477,0.0,0.0
18.353241205215454,0.0,25.248977661132812,0.0,0.0
18.57795786857605,0.0,25.24907875061035,0.0,0.0
18.80369472503662,0.0,25.249170303344727,0.0,0.0
19.028928518295288,0.0,25.27425193786621,0.0,0.0
19.254226207733154,0.0,25.296825408935547,0.0,0.0
19.479121685028076,0.0,25.29214096069336,0.0,0.0
19.705121994018555,0.0,25.26292610168457,0.0,0.0
19.92962908744812,0.0,25.261632919311523,0.0,0.0
20.155179262161255,0.0,25.260469436645508,0.0,0.0
20.380268096923828,0.0,25.259422302246094,0.0,0.0
20.60618305206299,0.0,25.283477783203125,0.0,0.0
20.830721139907837,0.0,25.255128860473633,0.0,0.0
21.05622386932373,0.0,25.27961540222168,0.0,0.0
21.281278610229492,0.0,25.276653289794922,0.0,0.0
21.50715684890747,0.0,25.32398796081543,0.0,0.0
21.731833457946777,0.0,25.291587829589844,0.0,0.0
21.9573016166687,0.0,25.312427520751953,0.0,0.0
22.182255506515503,0.0,25.3311824798584,0.0,0.0
22.407891750335693,0.0,25.298063278198242,0.0,0.0
22.63281798362732,0.0,25.293256759643555,0.0,0.0
22.858455657958984,0.0,25.263931274414062,0.0,0.0
23.083324909210205,0.0,25.262537002563477,0.0,0.0
23.309243202209473,0.0,25.311283111572266,0.0,0.0
23.534180641174316,0.0,25.25515365600586,0.0,0.0
23.759634017944336,0.0,25.27963638305664,0.0,0.0
23.984477996826172,0.0,25.27667236328125,0.0,0.0
24.206281185150146,0.0,25.274003982543945,0.0,0.0
24.431110620498657,0.0,25.296602249145508,0.0,0.0
24.6601665019989,0.0,25.291940689086914,0.0,0.0
24.881407737731934,0.0,25.28774642944336,0.0,0.0
25.10678720474243,0.0,25.28396987915039,0.0,0.0
25.331901788711548,0.0,25.305570602416992,0.0,0.0
25.557257890701294,0.0,25.350013732910156,0.0,0.0
25.7824969291687,0.0,25.390012741088867,0.0,0.0
26.008142232894897,0.0,25.401010513305664,0.0,0.0
26.23298740386963,0.0,25.410907745361328,0.0,0.0
26.458792686462402,0.0,25.44481658935547,0.0,0.0
26.68382453918457,0.0,25.47533416748047,0.0,0.0
26.90931248664856,0.0,25.50279998779297,0.0,0.0
27.134132862091064,0.0,25.502517700195312,0.0,0.0
27.360119581222534,0.0,25.477264404296875,0.0,0.0
27.585134029388428,0.0,25.50453758239746,0.0,0.0
27.810298681259155,0.0,25.479082107543945,0.0,0.0
28.035232543945312,0.0,25.456172943115234,0.0,0.0
28.261378526687622,0.0,25.43555450439453,0.0,0.0
28.486109256744385,0.0,25.391998291015625,0.0,0.0
28.710989713668823,0.0,25.40279769897461,0.0,0.0
28.936636686325073,0.0,25.41251564025879,0.0,0.0
29.161914825439453,0.0,25.37126350402832,0.0,0.0
29.387130975723267,0.0,25.3591365814209,0.0,0.0
29.612260341644287,0.0,25.348222732543945,0.0,0.0
29.833489894866943,0.0,25.363399505615234,0.0,0.0
30.05927848815918,0.0,25.40205955505371,0.0,0.0
30.28384804725647,0.0,25.361852645874023,0.0,0.0
30.509080171585083,0.0,25.325666427612305,0.0,0.0
30.734683990478516,0.0,25.318098068237305,0.0,0.0
30.960302114486694,0.0,25.31128692626953,0.0,0.0
31.185199975967407,0.0,25.330156326293945,0.0,0.0
31.410149097442627,0.0,26.022140502929688,0.0,0.0
31.63609504699707,0.0,27.49492645263672,0.0,0.0
31.860597610473633,0.0,29.1954345703125,0.0,0.0
32.08616662025452,0.0,30.85089111328125,0.0,0.0
32.31171226501465,0.0,32.815799713134766,0.0,0.0
32.53671193122864,0.0,35.45922088623047,0.0,0.0
32.761900424957275,0.0,38.36329650878906,0.0,0.0
32.9870023727417,0.0,41.2769660949707,0.0,0.0
33.21231031417847,0.0,44.249267578125,0.0,0.0
33.43830609321594,0.0,47.14934158325195,0.0,0.0
33.66294741630554,0.0,50.78440856933594,0.0,0.0
33.88839530944824,0.0,54.13096618652344,0.0,0.0
34.11368680000305,0.0,57.14286804199219,0.0,0.0
34.33931851387024,0.0,59.92858123779297,0.0,0.0
34.563957929611206,0.0,62.63572311401367,0.0,0.0
34.78526568412781,0.0,64.99714660644531,0.0,0.0
35.01443266868591,0.0,67.02243041992188,0.0,0.0
35.24020981788635,0.0,68.9451904296875,0.0,0.0
35.46489119529724,0.0,70.75067138671875,0.0,0.0
35.68638801574707,0.0,72.27560424804688,0.0,0.0
35.911967754364014,0.0,73.64804077148438,0.0,0.0
36.137213468551636,0.0,74.93323516845703,0.0,0.0
36.362104415893555,0.0,75.96491241455078,0.0,0.0
36.58739352226257,0.0,76.96841430664062,0.0,0.0
36.81253981590271,0.0,77.77156829833984,0.0,0.0
37.03830003738403,0.0,78.5194091796875,0.0,0.0
37.26311707496643,0.0,79.19246673583984,0.0,0.0
37.488563537597656,0.0,79.87321472167969,0.0,0.0
37.713640451431274,0.0,80.43589782714844,0.0,0.0
37.93925499916077,0.0,80.96730041503906,0.0,0.0
38.16429114341736,0.0,81.54557037353516,0.0,0.0
38.389657974243164,0.0,82.09101104736328,0.0,0.0
38.614513874053955,0.0,82.63190460205078,0.0,0.0
38.840269327163696,0.0,83.11871337890625,0.0,0.0
39.06513714790344,0.0,83.58184051513672,0.0,0.0
39.29117512702942,0.0,83.9736557006836,0.0,0.0
39.515713691711426,0.0,84.42628479003906,0.0,0.0
39.741069078445435,0.0,84.80865478515625,0.0,0.0
39.96610903739929,0.0,85.05278778076172,0.0,0.0
40.19196963310242,0.0,85.322509765625,0.0,0.0
40.4168963432312,0.0,85.5402603149414,0.0,0.0
40.63827681541443,0.0,85.7362289428711,0.0,0.0
40.8633496761322,0.0,85.83760833740234,0.0,0.0
41.09330415725708,0.0,86.12884521484375,0.0,0.0
41.317864656448364,0.0,86.36595916748047,0.0,0.0
41.543377161026,0.0,86.55435943603516,0.0,0.0
41.76870322227478,0.0,86.72391510009766,0.0,0.0
41.99429535865784,0.0,86.80152130126953,0.0,0.0
42.21477794647217,0.0,86.94636535644531,0.0,0.0
42.44033908843994,0.0,87.05172729492188,0.0,0.0
42.665361642837524,0.0,87.12155151367188,0.0,0.0
42.89090633392334,0.0,87.18439483642578,0.0,0.0
43.11590790748596,0.0,87.34095001220703,0.0,0.0
43.3414351940155,0.0,87.35684967041016,0.0,0.0
43.566593408584595,0.0,87.4211654663086,0.0,0.0
43.79225754737854,0.0,87.27904510498047,0.0,0.0
44.016982555389404,0.0,87.32614135742188,0.0,0.0
44.242591857910156,0.0,87.3935317993164,0.0,0.0
44.467493772506714,0.0,87.3041763305664,0.0,0.0
44.693365812301636,0.0,87.2237548828125,0.0,0.0
44.91828513145447,0.0,87.20137786865234,0.0,0.0
45.143635988235474,0.0,87.30623626708984,0.0,0.0
45.36912798881531,0.0,87.3506088256836,0.0,0.0
45.59428930282593,0.0,87.39054870605469,0.0,0.0
45.81941556930542,0.0,87.47648620605469,0.0,0.0
46.04481339454651,0.0,87.52883911132812,0.0,0.0
46.27039980888367,0.0,87.52595520019531,0.0,0.0
46.495035886764526,0.0,87.5733642578125,0.0,0.0
46.720447301864624,0.0,87.54102325439453,0.0,0.0
46.945464849472046,0.0,87.31192016601562,0.0,0.0
47.16702437400818,0.0,87.15572357177734,0.0,0.0
47.39600896835327,0.0,87.09014892578125,0.0,0.0
47.62155747413635,0.0,87.03113555908203,0.0,0.0
47.84672975540161,0.0,86.87802124023438,0.0,0.0
48.068236112594604,0.0,86.81521606445312,0.0,0.0
48.29333734512329,0.0,86.70868682861328,0.0,0.0
48.51843762397766,0.0,86.6128158569336,0.0,0.0
48.74360752105713,0.0,86.55152893066406,0.0,0.0
48.96924448013306,0.0,86.52137756347656,0.0,0.0
49.19468283653259,0.0,86.4442367553711,0.0,0.0
49.41943597793579,0.0,86.37480926513672,0.0,0.0
49.644596099853516,0.0,86.31232452392578,0.0,0.0
49.87000489234924,0.0,86.25608825683594,0.0,0.0
50.095205783843994,0.0,86.28047943115234,0.0,0.0
50.32069110870361,0.0,86.20243072509766,0.0,0.0
50.54583525657654,0.0,86.15718078613281,0.0,0.0
50.77128052711487,0.0,86.116455078125,0.0,0.0
50.9964542388916,0.0,86.0548095703125,0.0,0.0
51.222283601760864,0.0,86.07432556152344,0.0,0.0
51.446887254714966,0.0,86.06688690185547,0.0,0.0
51.6722092628479,0.0,85.98519897460938,0.0,0.0
51.8973274230957,0.0,85.93668365478516,0.0,0.0
52.1234655380249,0.0,85.94300842285156,0.0,0.0
52.347694635391235,0.0,85.97370910644531,0.0,0.0
52.57299542427063,0.0,86.02633666992188,0.0,0.0
52.7983238697052,0.0,86.07369995117188,0.0,0.0
53.02018070220947,0.0,86.19132995605469,0.0,0.0
53.24498915672302,0.0,86.32219696044922,0.0,0.0
53.474371671676636,0.0,86.36497497558594,0.0,0.0
53.69538354873657,0.0,86.40348052978516,0.0,0.0
53.92124271392822,0.0,86.46312713623047,0.0,0.0
54.14583873748779,0.0,86.46681213378906,0.0,0.0
54.37128663063049,0.0,86.49513244628906,0.0,0.0
54.59634590148926,0.0,86.57061767578125,0.0,0.0
54.82227945327759,0.0,86.58855438232422,0.0,0.0
55.047107458114624,0.0,86.65469360351562,0.0,0.0
55.27252674102783,0.0,86.66422271728516,0.0,0.0
55.49741578102112,0.0,86.69779205322266,0.0,0.0
55.72291111946106,0.0,86.7280044555664,0.0,0.0
55.948081731796265,0.0,86.7302017211914,0.0,0.0
56.17316126823425,0.0,86.65718078613281,0.0,0.0
56.39848303794861,0.0,86.71646118164062,0.0,0.0
56.62433218955994,0.0,86.74481201171875,0.0,0.0
56.8490047454834,0.0,86.77032470703125,0.0,0.0
57.074440479278564,0.0,86.76829528808594,0.0,0.0
57.29949951171875,0.0,86.71646118164062,0.0,0.0
57.52483129501343,0.0,86.71981811523438,0.0,0.0
57.75012683868408,0.0,86.82283782958984,0.0,0.0
57.975745677948,0.0,86.8155517578125,0.0,0.0
58.200971364974976,0.0,87.25899505615234,0.0,0.0
58.42602801322937,0.0,90.05809783935547,0.0,0.0
58.64713215827942,0.0,94.47728729248047,0.0,0.0
58.87270402908325,0.0,101.10455322265625,0.0,0.0
59.09769678115845,0.0,107.16909790039062,0.0,0.0
59.32345223426819,0.0,112.42718505859375,0.0,0.0
59.54811906814575,0.0,116.75946044921875,0.0,0.0
59.77383279800415,0.0,121.05850982666016,0.0,0.0
59.99866604804993,0.0,124.65265655517578,0.0,0.0
60.22435998916626,0.0,128.01239013671875,0.0,0.0
60.44932794570923,0.0,131.3861541748047,0.0,0.0
60.6745126247406,0.0,134.57254028320312,0.0,0.0
60.89987254142761,0.0,137.39027404785156,0.0,0.0
61.1255784034729,0.0,139.87625122070312,0.0,0.0
61.350608587265015,0.0,142.1386260986328,0.0,0.0
61.576336145401,0.0,144.14976501464844,0.0,0.0
61.80132555961609,0.0,146.0847930908203,0.0,0.0
62.02621364593506,0.0,147.57630920410156,0.0,0.0
62.25160574913025,0.0,149.04368591308594,0.0,0.0
62.47746276855469,0.0,150.164306640625,0.0,0.0
62.70242238044739,0.0,151.1478729248047,0.0,0.0
62.92759299278259,0.0,151.9830780029297,0.0,0.0
63.152754068374634,0.0,152.759765625,0.0,0.0
63.37829327583313,0.0,153.68377685546875,0.0,0.0
63.60331320762634,0.0,154.51539611816406,0.0,0.0
63.828463315963745,0.0,155.18885803222656,0.0,0.0
64.05427384376526,0.0,156.44496154785156,0.0,0.0
64.27890253067017,0.0,157.0504608154297,0.0,0.0
64.50442743301392,0.0,157.44541931152344,0.0,0.0
64.72932004928589,0.0,157.37586975097656,0.0,0.0
64.9553713798523,0.0,157.86328125,0.0,0.0
65.17665123939514,0.0,158.52694702148438,0.0,0.0
65.40131855010986,0.0,159.19924926757812,0.0,0.0
65.62658715248108,0.0,159.7293243408203,0.0,0.0
65.85618376731873,0.0,159.9813995361328,0.0,0.0
66.07737016677856,0.0,159.68325805664062,0.0,0.0
66.30237770080566,0.0,159.98992919921875,0.0,0.0
66.52765822410583,0.0,160.24093627929688,0.0,0.0
66.75333046913147,0.0,160.61683654785156,0.0,0.0
66.97808265686035,0.0,160.88014221191406,0.0,0.0
67.20339155197144,0.0,161.24212646484375,0.0,0.0
67.42853379249573,0.0,161.31790161132812,0.0,0.0
67.65435910224915,0.0,161.6361083984375,0.0,0.0
67.87896084785461,0.0,161.52249145507812,0.0,0.0
68.10455131530762,0.0,161.6702423095703,0.0,0.0
68.32989716529846,0.0,161.92822265625,0.0,0.0
68.55533146858215,0.0,162.18539428710938,0.0,0.0
68.78000521659851,0.0,162.19186401367188,0.0,0.0
69.00563478469849,0.0,162.04766845703125,0.0,0.0
69.23070049285889,0.0,161.81790161132812,0.0,0.0
69.45641446113586,0.0,161.53610229492188,0.0,0.0
69.68106889724731,0.0,161.33248901367188,0.0,0.0
69.90677547454834,0.0,161.27423095703125,0.0,0.0
70.13161110877991,0.0,161.49681091308594,0.0,0.0
70.35694241523743,0.0,161.3471221923828,0.0,0.0
70.58216762542725,0.0,161.21240234375,0.0,0.0
70.80787444114685,0.0,161.11614990234375,0.0,0.0
71.02853488922119,0.0,160.75453186035156,0.0,0.0
71.25440835952759,0.0,160.7540740966797,0.0,0.0
71.47930645942688,0.0,160.628662109375,0.0,0.0
71.7046434879303,0.0,160.71578979492188,0.0,0.0
71.9296805858612,0.0,160.6442108154297,0.0,0.0
72.15535569190979,0.0,160.67979431152344,0.0,0.0
72.38030982017517,0.0,160.73681640625,0.0,0.0
72.60622978210449,0.0,160.86312866210938,0.0,0.0
72.83075022697449,0.0,160.9268035888672,0.0,0.0
73.05642294883728,0.0,161.15911865234375,0.0,0.0
73.28138613700867,0.0,161.54319763183594,0.0,0.0
73.50662994384766,0.0,161.81387329101562,0.0,0.0
73.73188352584839,0.0,161.88247680664062,0.0,0.0
73.95747828483582,0.0,162.09422302246094,0.0,0.0
74.18235921859741,0.0,162.0847930908203,0.0,0.0
74.40851736068726,0.0,162.00131225585938,0.0,0.0
74.63287281990051,0.0,161.80117797851562,0.0,0.0
74.85844540596008,0.0,161.5960693359375,0.0,0.0
75.0834732055664,0.0,161.46145629882812,0.0,0.0
75.30955696105957,0.0,161.41531372070312,0.0,0.0
75.5343029499054,0.0,161.09877014160156,0.0,0.0
75.75960326194763,0.0,161.1138916015625,0.0,0.0
75.980544090271,0.0,161.02749633789062,0.0,0.0
76.21050930023193,0.0,161.19973754882812,0.0,0.0
76.43540596961975,0.0,161.2547607421875,0.0,0.0
76.66034269332886,0.0,161.17929077148438,0.0,0.0
76.88155102729797,0.0,161.11135864257812,0.0,0.0
77.10702800750732,0.0,161.12521362304688,0.0,0.0
77.33217287063599,0.0,160.7126922607422,0.0,0.0
77.55775904655457,0.0,160.79141235351562,0.0,0.0
77.78256130218506,0.0,161.16226196289062,0.0,0.0
78.00836873054504,0.0,161.04603576660156,0.0,0.0
78.23325181007385,0.0,160.86642456054688,0.0,0.0
78.45858216285706,0.0,160.92977905273438,0.0,0.0
78.68370032310486,0.0,160.8867950439453,0.0,0.0
78.90896010398865,0.0,160.79811096191406,0.0,0.0
79.13418126106262,0.0,160.84329223632812,0.0,0.0
79.35990977287292,0.0,160.70895385742188,0.0,0.0
79.58511567115784,0.0,160.5880584716797,0.0,0.0
79.8104133605957,0.0,160.5292510986328,0.0,0.0
80.03553533554077,0.0,160.4013214111328,0.0,0.0
80.26111054420471,0.0,160.1361846923828,0.0,0.0
80.48625540733337,0.0,159.89755249023438,0.0,0.0
80.71113753318787,0.0,159.9827880859375,0.0,0.0
80.93654656410217,0.0,160.03451538085938,0.0,0.0
81.16160488128662,0.0,160.00607299804688,0.0,0.0
81.38734126091003,0.0,159.95545959472656,0.0,0.0
81.61217951774597,0.0,159.88491821289062,0.0,0.0
81.83345699310303,0.0,159.87142944335938,0.0,0.0
82.05902886390686,0.0,159.8092803955078,0.0,0.0
82.28855872154236,0.0,159.77835083007812,0.0,0.0
82.50937938690186,0.0,159.6005096435547,0.0,0.0
82.73489570617676,0.0,159.44046020507812,0.0,0.0
82.9602267742157,0.0,159.1964111328125,0.0,0.0
83.18494963645935,0.0,159.1017608642578,0.0,0.0
83.41036319732666,0.0,158.96656799316406,0.0,0.0
83.6357991695404,0.0,159.0198974609375,0.0,0.0
83.86126184463501,0.0,159.09291076660156,0.0,0.0
84.08654189109802,0.0,159.25860595703125,0.0,0.0
84.31135320663452,0.0,159.20774841308594,0.0,0.0
84.53658175468445,0.0,159.23696899414062,0.0,0.0
84.76194977760315,0.0,159.16326904296875,0.0,0.0
84.98733520507812,0.0,158.97193908691406,0.0,0.0
85.21230602264404,0.0,158.8497314453125,0.0,0.0
85.43833255767822,0.0,158.68975830078125,0.0,0.0
85.66290044784546,0.0,158.49578857421875,0.0,0.0
85.88831424713135,0.0,158.42120361328125,0.0,0.0
86.11344289779663,0.0,158.37908935546875,0.0,0.0
86.33912181854248,0.0,158.4161834716797,0.0,0.0
86.56400752067566,0.0,158.4995574951172,0.0,0.0
86.78931498527527,0.0,158.57460021972656,0.0,0.0
87.01453304290771,0.0,158.5171356201172,0.0,0.0
87.24016904830933,0.0,158.44041442871094,0.0,0.0
87.46498727798462,0.0,158.27137756347656,0.0,0.0
87.69039249420166,0.0,158.06922912597656,0.0,0.0
87.91555070877075,0.0,158.01229858398438,0.0,0.0
88.14115715026855,0.0,158.0110626220703,0.0,0.0
88.36196398735046,0.0,158.00994873046875,0.0,0.0
88.59133315086365,0.0,158.10894775390625,0.0,0.0
88.81651210784912,0.0,158.2980499267578,0.0,0.0
89.03797841072083,0.0,158.34324645996094,0.0,0.0
89.26316428184509,0.0,158.4589080810547,0.0,0.0
89.48832893371582,0.0,158.4630126953125,0.0,0.0
89.71367120742798,0.0,158.69171142578125,0.0,0.0
89.93927788734436,0.0,158.49754333496094,0.0,0.0
90.16438126564026,0.0,157.62278747558594,0.0,0.0
90.38993620872498,0.0,157.8105010986328,0.0,0.0
90.61471581459045,0.0,157.82945251464844,0.0,0.0
90.8405122756958,0.0,157.6715087890625,0.0,0.0
91.06516480445862,0.0,157.70436096191406,0.0,0.0
91.29074954986572,0.0,157.6839141845703,0.0,0.0
91.515793800354,0.0,157.71551513671875,0.0,0.0
91.74112844467163,0.0,157.79396057128906,0.0,0.0
91.9664556980133,0.0,157.73956298828125,0.0,0.0
92.19202852249146,0.0,157.6656036376953,0.0,0.0
92.41706490516663,0.0,157.57403564453125,0.0,0.0
92.64223766326904,0.0,157.61663818359375,0.0,0.0
92.86757516860962,0.0,157.67996215820312,0.0,0.0
93.09339261054993,0.0,157.7119598388672,0.0,0.0
93.31846404075623,0.0,157.71575927734375,0.0,0.0
93.54343128204346,0.0,157.919189453125,0.0,0.0
93.76868104934692,0.0,157.92727661132812,0.0,0.0
93.99037957191467,0.0,158.0345458984375,0.0,0.0
94.21492767333984,0.0,158.15609741210938,0.0,0.0
94.44065713882446,0.0,158.34048461914062,0.0,0.0
94.6697609424591,0.0,158.38143920898438,0.0,0.0
94.89079713821411,0.0,158.46829223632812,0.0,0.0
95.116042137146,0.0,158.34646606445312,0.0,0.0
95.34152960777283,0.0,158.13681030273438,0.0,0.0
95.56665754318237,0.0,157.97311401367188,0.0,0.0
95.79188799858093,0.0,157.92579650878906,0.0,0.0
96.01742029190063,0.0,157.88320922851562,0.0,0.0
96.24270129203796,0.0,157.96987915039062,0.0,0.0
96.46784162521362,0.0,157.9478759765625,0.0,0.0
96.69284629821777,0.0,157.7530975341797,0.0,0.0
96.9184000492096,0.0,157.5277862548828,0.0,0.0
97.14425539970398,0.0,157.35000610351562,0.0,0.0
97.36945486068726,0.0,157.2150115966797,0.0,0.0
97.59425663948059,0.0,157.093505859375,0.0,0.0
97.81941628456116,0.0,156.8841552734375,0.0,0.0
98.04441499710083,0.0,156.82073974609375,0.0,0.0
98.26974558830261,0.0,156.61366271972656,0.0,0.0
98.49494814872742,0.0,156.47727966308594,0.0,0.0
98.72023868560791,0.0,156.3295440673828,0.0,0.0
98.94550490379333,0.0,156.14657592773438,0.0,0.0
99.17091822624207,0.0,155.95692443847656,0.0,0.0
99.39611673355103,0.0,155.88621520996094,0.0,0.0
99.62163066864014,0.0,155.72259521484375,0.0,0.0
99.84296941757202,0.0,155.62533569335938,0.0,0.0
100.0680799484253,0.0,155.53781127929688,0.0,0.0
100.29350709915161,0.0,155.60902404785156,0.0,0.0
100.51861000061035,0.0,156.34811401367188,0.0,0.0
100.7439513206482,0.0,157.1383056640625,0.0,0.0
100.96955966949463,0.0,157.7494659423828,0.0,0.0
101.1943576335907,0.0,157.87451171875,0.0,0.0
101.41953301429749,0.0,157.86204528808594,0.0,0.0
101.64468193054199,0.0,157.80084228515625,0.0,0.0
101.8699791431427,0.0,157.5707550048828,0.0,0.0
102.09513521194458,0.0,158.013671875,0.0,0.0
102.32045578956604,0.0,157.98728942871094,0.0,0.0
102.5458550453186,0.0,157.7135467529297,0.0,0.0
102.77084398269653,0.0,157.6921844482422,0.0,0.0
102.9963607788086,0.0,157.37295532226562,0.0,0.0
103.22180771827698,0.0,157.43565368652344,0.0,0.0
103.44679021835327,0.0,157.26707458496094,0.0,0.0
103.6725401878357,0.0,157.4153594970703,0.0,0.0
103.89728426933289,0.0,157.37380981445312,0.0,0.0
104.12292337417603,0.0,157.36143493652344,0.0,0.0
104.34788656234741,0.0,157.70028686523438,0.0,0.0
104.57343244552612,0.0,157.5802459716797,0.0,0.0
104.79435515403748,0.0,157.3222198486328,0.0,0.0
105.02443075180054,0.0,157.21499633789062,0.0,0.0
105.24906969070435,0.0,157.44349670410156,0.0,0.0
105.47454476356506,0.0,157.64913940429688,0.0,0.0
105.69963216781616,0.0,157.38421630859375,0.0,0.0
105.9254298210144,0.0,157.4958038330078,0.0,0.0
106.15042090415955,0.0,157.64620971679688,0.0,0.0
106.37159180641174,0.0,157.73159790039062,0.0,0.0
106.59655690193176,0.0,157.83343505859375,0.0,0.0
106.82217812538147,0.0,157.9250946044922,0.0,0.0
107.05150008201599,0.0,158.13258361816406,0.0,0.0
107.272540807724,0.0,158.24432373046875,0.0,0.0
107.49750924110413,0.0,157.8948974609375,0.0,0.0
107.72291278839111,0.0,157.68040466308594,0.0,0.0
107.94806170463562,0.0,157.412353515625,0.0,0.0
108.17360973358154,0.0,157.44610595703125,0.0,0.0
108.3989577293396,0.0,157.67649841308594,0.0,0.0
108.62412905693054,0.0,157.308837890625,0.0,0.0
108.84958291053772,0.0,156.9779510498047,0.0,0.0
109.07463908195496,0.0,156.5801544189453,0.0,0.0
109.29966115951538,0.0,156.44712829589844,0.0,0.0
109.5253586769104,0.0,156.1774139404297,0.0,0.0
109.75040125846863,0.0,155.95965576171875,0.0,0.0
109.9757947921753,0.0,155.9636993408203,0.0,0.0
110.20143580436707,0.0,155.81732177734375,0.0,0.0
110.42602968215942,0.0,156.36058044433594,0.0,0.0
110.65162372589111,0.0,158.97451782226562,0.0,0.0
110.87693071365356,0.0,162.1520538330078,0.0,0.0
111.10169196128845,0.0,165.6868438720703,0.0,0.0
111.32781648635864,0.0,169.16815185546875,0.0,0.0
111.5526876449585,0.0,171.62632751464844,0.0,0.0
111.7777190208435,0.0,174.33868408203125,0.0,0.0
112.0029079914093,0.0,176.82981872558594,0.0,0.0
112.22453308105469,0.0,179.24684143066406,0.0,0.0
112.44940185546875,0.0,181.34715270996094,0.0,0.0
112.6749951839447,0.0,183.3624267578125,0.0,0.0
112.90054512023926,0.0,184.47618103027344,0.0,0.0
113.1250569820404,0.0,185.37857055664062,0.0,0.0
113.35085725784302,0.0,186.46571350097656,0.0,0.0
113.57610535621643,0.0,187.2941436767578,0.0,0.0
113.80153679847717,0.0,188.2147216796875,0.0,0.0
114.02662301063538,0.0,189.06825256347656,0.0,0.0
114.25146269798279,0.0,190.11141967773438,0.0,0.0
114.47748136520386,0.0,190.95028686523438,0.0,0.0
114.70249462127686,0.0,191.58026123046875,0.0,0.0
114.92739725112915,0.0,191.59722900390625,0.0,0.0
115.15270924568176,0.0,192.03750610351562,0.0,0.0
115.37796330451965,0.0,192.13375854492188,0.0,0.0
115.6035225391388,0.0,191.42037963867188,0.0,0.0
115.82850098609924,0.0,190.65333557128906,0.0,0.0
116.05394458770752,0.0,190.33799743652344,0.0,0.0
116.27892589569092,0.0,189.95419311523438,0.0,0.0
116.50462412834167,0.0,189.6087646484375,0.0,0.0
116.72947764396667,0.0,189.27288818359375,0.0,0.0
116.9552047252655,0.0,189.02059936523438,0.0,0.0
117.17657518386841,0.0,188.9435272216797,0.0,0.0
117.4053704738617,0.0,188.57415771484375,0.0,0.0
117.63065671920776,0.0,188.34173583984375,0.0,0.0
117.85194611549377,0.0,188.13255310058594,0.0,0.0
118.07774949073792,0.0,188.2192840576172,0.0,0.0
118.30246639251709,0.0,188.14735412597656,0.0,0.0
118.52771139144897,0.0,188.15760803222656,0.0,0.0
118.75271201133728,0.0,188.0918426513672,0.0,0.0
118.9780387878418,0.0,187.95765686035156,0.0,0.0
119.20367932319641,0.0,187.81187438964844,0.0,0.0
119.42861723899841,0.0,188.4556884765625,0.0,0.0
119.654470205307,0.0,188.78512573242188,0.0,0.0
119.87908387184143,0.0,189.18161010742188,0.0,0.0
120.10471749305725,0.0,189.53843688964844,0.0,0.0
120.32971477508545,0.0,189.68460083007812,0.0,0.0
120.55500817298889,0.0,189.8661346435547,0.0,0.0
120.78021025657654,0.0,190.15451049804688,0.0,0.0
121.00533294677734,0.0,190.51405334472656,0.0,0.0
121.23069667816162,0.0,190.8876495361328,0.0,0.0
121.45631885528564,0.0,191.12387084960938,0.0,0.0
121.6811785697937,0.0,191.011474609375,0.0,0.0
121.90658688545227,0.0,191.31031799316406,0.0,0.0
122.13168835639954,0.0,192.22927856445312,0.0,0.0
122.35760498046875,0.0,192.90634155273438,0.0,0.0
122.58233761787415,0.0,193.44070434570312,0.0,0.0
122.80383610725403,0.0,193.64663696289062,0.0,0.0
123.02877449989319,0.0,193.53196716308594,0.0,0.0
123.25460696220398,0.0,193.37876892089844,0.0,0.0
123.47931241989136,0.0,193.2408905029297,0.0,0.0
123.7047061920166,0.0,192.94178771972656,0.0,0.0
123.92985963821411,0.0,192.67259216308594,0.0,0.0
124.15576171875,0.0,192.03033447265625,0.0,0.0
124.38042569160461,0.0,191.45230102539062,0.0,0.0
124.60597205162048,0.0,190.78207397460938,0.0,0.0
124.83083510398865,0.0,190.22885131835938,0.0,0.0
125.05648350715637,0.0,189.88096618652344,0.0,0.0
125.28141903877258,0.0,189.6428680419922,0.0,0.0
125.50699090957642,0.0,189.37857055664062,0.0,0.0
125.73262786865234,0.0,188.91571044921875,0.0,0.0
125.95755553245544,0.0,188.47413635253906,0.0,0.0
126.18241763114929,0.0,188.27671813964844,0.0,0.0
126.40852046012878,0.0,187.84902954101562,0.0,0.0
126.63354849815369,0.0,187.31411743164062,0.0,0.0
126.8585455417633,0.0,187.20770263671875,0.0,0.0
127.08372092247009,0.0,187.1369171142578,0.0,0.0
127.30880856513977,0.0,187.07321166992188,0.0,0.0
127.53466558456421,0.0,186.8408966064453,0.0,0.0
127.75967860221863,0.0,186.63180541992188,0.0,0.0
127.98500156402588,0.0,186.2686309814453,0.0,0.0
128.2106969356537,0.0,186.1167755126953,0.0,0.0
128.4356186389923,0.0,185.83009338378906,0.0,0.0
128.6606969833374,0.0,185.4720916748047,0.0,0.0
128.88599038124084,0.0,185.2498779296875,0.0,0.0
129.1110224723816,0.0,185.0498809814453,0.0,0.0
129.33215808868408,0.0,185.0198974609375,0.0,0.0
129.55765652656555,0.0,185.81790161132812,0.0,0.0
129.78759741783142,0.0,186.48611450195312,0.0,0.0
130.0120873451233,0.0,187.21249389648438,0.0,0.0
130.2332944869995,0.0,187.84124755859375,0.0,0.0
130.45879316329956,0.0,188.78211975097656,0.0,0.0
130.68450498580933,0.0,189.85389709472656,0.0,0.0
130.90964674949646,0.0,191.24349975585938,0.0,0.0
131.13473105430603,0.0,192.4441375732422,0.0,0.0
131.35964155197144,0.0,193.22471618652344,0.0,0.0
131.5847578048706,0.0,194.02723693847656,0.0,0.0
131.81062960624695,0.0,194.6995086669922,0.0,0.0
132.03559684753418,0.0,195.30455017089844,0.0,0.0
132.2605836391449,0.0,196.1990966796875,0.0,0.0
132.48636841773987,0.0,196.7041778564453,0.0,0.0
132.7111222743988,0.0,197.25875854492188,0.0,0.0
132.93666338920593,0.0,197.7078857421875,0.0,0.0
133.16175651550293,0.0,198.3120880126953,0.0,0.0
133.3875892162323,0.0,198.63087463378906,0.0,0.0
133.61229419708252,0.0,198.9177703857422,0.0,0.0
133.8378348350525,0.0,198.4259796142578,0.0,0.0
134.06290197372437,0.0,198.60836791992188,0.0,0.0
134.28833150863647,0.0,198.9225311279297,0.0,0.0
134.51335620880127,0.0,199.3552703857422,0.0,0.0
134.73890089988708,0.0,199.51974487304688,0.0,0.0
134.96389627456665,0.0,199.4177703857422,0.0,0.0
135.18557929992676,0.0,199.8009796142578,0.0,0.0
135.41052222251892,0.0,199.74588012695312,0.0,0.0
135.6356270313263,0.0,199.6962890625,0.0,0.0
135.86487436294556,0.0,199.92665100097656,0.0,0.0
136.08661270141602,0.0,200.35897827148438,0.0,0.0
136.31129789352417,0.0,200.7730712890625,0.0,0.0
136.53688836097717,0.0,201.020751953125,0.0,0.0
136.76195883750916,0.0,200.91867065429688,0.0,0.0
136.98760890960693,0.0,201.0518035888672,0.0,0.0
137.21241855621338,0.0,201.1216278076172,0.0,0.0
137.43798446655273,0.0,200.63446044921875,0.0,0.0
137.6632468700409,0.0,200.27101135253906,0.0,0.0
137.88869333267212,0.0,199.8439178466797,0.0,0.0
138.1135275363922,0.0,199.60952758789062,0.0,0.0
138.33942222595215,0.0,199.17356872558594,0.0,0.0
138.56422328948975,0.0,198.75621032714844,0.0,0.0
138.789733171463,0.0,198.40557861328125,0.0,0.0
139.01465463638306,0.0,198.04002380371094,0.0,0.0
139.24064373970032,0.0,198.16102600097656,0.0,0.0
139.46512818336487,0.0,198.06993103027344,0.0,0.0
139.69063067436218,0.0,197.6879425048828,0.0,0.0
139.9158124923706,0.0,197.3191375732422,0.0,0.0
140.14171028137207,0.0,197.16221618652344,0.0,0.0
140.36669087409973,0.0,196.84597778320312,0.0,0.0
140.59190917015076,0.0,196.661376953125,0.0,0.0
140.81701469421387,0.0,196.6202392578125,0.0,0.0
141.03796768188477,0.0,196.2082061767578,0.0,0.0
141.2631697654724,0.0,195.7373809814453,0.0,0.0
141.48877620697021,0.0,195.68862915039062,0.0,0.0
141.71372032165527,0.0,195.74476623535156,0.0,0.0
141.9389786720276,0.0,195.7952880859375,0.0,0.0
142.16420435905457,0.0,195.84075927734375,0.0,0.0
142.38950991630554,0.0,196.13168334960938,0.0,0.0
142.61481738090515,0.0,196.218505859375,0.0,0.0
142.8406844139099,0.0,196.37164306640625,0.0,0.0
143.06544065475464,0.0,196.38446044921875,0.0,0.0
143.2908935546875,0.0,196.37100219726562,0.0,0.0
143.51612496376038,0.0,196.48390197753906,0.0,0.0
143.74115991592407,0.0,196.43551635742188,0.0,0.0
143.96654295921326,0.0,196.29196166992188,0.0,0.0
144.19189047813416,0.0,196.2127685546875,0.0,0.0
144.41759586334229,0.0,196.39149475097656,0.0,0.0
144.6427128314972,0.0,196.52732849121094,0.0,0.0
144.86763620376587,0.0,196.2745819091797,0.0,0.0
145.093026638031,0.0,195.9721221923828,0.0,0.0
145.31861352920532,0.0,196.22491455078125,0.0,0.0
145.5434238910675,0.0,196.6024169921875,0.0,0.0
145.76874589920044,0.0,196.69216918945312,0.0,0.0
145.99012851715088,0.0,196.74795532226562,0.0,0.0
146.21955966949463,0.0,196.69815063476562,0.0,0.0
146.44447422027588,0.0,196.60333251953125,0.0,0.0
146.66545796394348,0.0,196.8179931640625,0.0,0.0
146.8912501335144,0.0,196.98619079589844,0.0,0.0
147.11662673950195,0.0,196.93756103515625,0.0,0.0
147.34139680862427,0.0,197.143798828125,0.0,0.0
147.56689476966858,0.0,196.9044189453125,0.0,0.0
147.7926881313324,0.0,196.63897705078125,0.0,0.0
148.01763558387756,0.0,196.5250701904297,0.0,0.0
148.2427568435669,0.0,196.22256469726562,0.0,0.0
148.46783089637756,0.0,195.9752960205078,0.0,0.0
148.69399905204773,0.0,196.3277587890625,0.0,0.0
148.91815948486328,0.0,196.31997680664062,0.0,0.0
149.14374327659607,0.0,196.61297607421875,0.0,0.0
149.36902117729187,0.0,196.6766815185547,0.0,0.0
149.59413504600525,0.0,196.75900268554688,0.0,0.0
149.8195641040802,0.0,196.8831024169922,0.0,0.0
150.04463124275208,0.0,196.9197998046875,0.0,0.0
150.27009987831116,0.0,197.57781982421875,0.0,0.0
150.49543166160583,0.0,198.02003479003906,0.0,0.0
150.72082042694092,0.0,197.46803283691406,0.0,0.0
150.9456605911255,0.0,197.07122802734375,0.0,0.0
151.1712019443512,0.0,196.81410217285156,0.0,0.0
151.39619326591492,0.0,196.65768432617188,0.0,0.0
151.62185740470886,0.0,196.39190673828125,0.0,0.0
151.84670281410217,0.0,196.10272216796875,0.0,0.0
152.07258319854736,0.0,195.99244689941406,0.0,0.0
152.29723119735718,0.0,195.54319763183594,0.0,0.0
152.52259707450867,0.0,195.11387634277344,0.0,0.0
152.74774408340454,0.0,194.67747497558594,0.0,0.0
152.97374320030212,0.0,194.18472290039062,0.0,0.0
153.19445967674255,0.0,193.81625366210938,0.0,0.0
153.41963815689087,0.0,193.4346160888672,0.0,0.0
153.6448690891266,0.0,193.09115600585938,0.0,0.0
153.87081360816956,0.0,192.73202514648438,0.0,0.0
154.09532356262207,0.0,192.30882263183594,0.0,0.0
154.3207609653473,0.0,191.95294189453125,0.0,0.0
154.54580354690552,0.0,191.60765075683594,0.0,0.0
154.7718415260315,0.0,191.29689025878906,0.0,0.0
154.99631810188293,0.0,190.89219665527344,0.0,0.0
155.22203254699707,0.0,190.40298461914062,0.0,0.0
155.44683623313904,0.0,189.9626922607422,0.0,0.0
155.6724293231964,0.0,190.01641845703125,0.0,0.0
155.8973560333252,0.0,189.86477661132812,0.0,0.0
156.1229681968689,0.0,189.52828979492188,0.0,0.0
156.34800004959106,0.0,189.35044860839844,0.0,0.0
156.573796749115,0.0,189.26541137695312,0.0,0.0
156.7984721660614,0.0,189.11386108398438,0.0,0.0
157.0240819454193,0.0,189.00247192382812,0.0,0.0
157.24902415275574,0.0,188.9022216796875,0.0,0.0
157.47430157661438,0.0,188.86199951171875,0.0,0.0
157.69970631599426,0.0,188.5258026123047,0.0,0.0
157.92507672309875,0.0,188.44821166992188,0.0,0.0
158.14603662490845,0.0,188.3533935546875,0.0,0.0
158.37159252166748,0.0,188.36805725097656,0.0,0.0
158.60076355934143,0.0,188.1062469482422,0.0,0.0
158.82612419128418,0.0,187.69561767578125,0.0,0.0
159.04703831672668,0.0,187.2510528564453,0.0,0.0
159.27280449867249,0.0,186.85093688964844,0.0,0.0
159.49759459495544,0.0,186.06582641601562,0.0,0.0
159.72302269935608,0.0,185.75924682617188,0.0,0.0
159.94809675216675,0.0,185.2833251953125,0.0,0.0
160.17382383346558,0.0,184.70498657226562,0.0,0.0
160.39884901046753,0.0,184.1344757080078,0.0,0.0
160.62438440322876,0.0,184.2460174560547,0.0,0.0
160.84978413581848,0.0,184.09640502929688,0.0,0.0
161.0747048854828,0.0,183.9867706298828,0.0,0.0
161.29989290237427,0.0,183.6130828857422,0.0,0.0
161.52574372291565,0.0,183.80177307128906,0.0,0.0
161.75070881843567,0.0,183.97158813476562,0.0,0.0
161.97597193717957,0.0,183.8744354248047,0.0,0.0
162.20113706588745,0.0,183.88697814941406,0.0,0.0
162.42679452896118,0.0,183.79827880859375,0.0,0.0
162.6516010761261,0.0,183.59344482421875,0.0,0.0
162.87687182426453,0.0,183.4091033935547,0.0,0.0
163.10224628448486,0.0,183.41819763183594,0.0,0.0
163.3272876739502,0.0,183.5263671875,0.0,0.0
163.55259919166565,0.0,183.67372131347656,0.0,0.0
163.7777271270752,0.0,184.0563507080078,0.0,0.0
163.99905729293823,0.0,184.00071716308594,0.0,0.0
164.22420620918274,0.0,183.95065307617188,0.0,0.0
164.44948768615723,0.0,183.9055938720703,0.0,0.0
164.67511105537415,0.0,183.81503295898438,0.0,0.0
164.90064430236816,0.0,183.65853881835938,0.0,0.0
165.12591981887817,0.0,183.39268493652344,0.0,0.0
165.35042357444763,0.0,183.57839965820312,0.0,0.0
165.57570362091064,0.0,183.7705535888672,0.0,0.0
165.80097723007202,0.0,183.76849365234375,0.0,0.0
166.0268075466156,0.0,183.96664428710938,0.0,0.0
166.2517294883728,0.0,184.16998291015625,0.0,0.0
166.47698950767517,0.0,184.32797241210938,0.0,0.0
166.7026867866516,0.0,185.82017517089844,0.0,0.0
166.9273760318756,0.0,189.9881591796875,0.0,0.0
167.1528239250183,0.0,194.3893280029297,0.0,0.0
167.3778190612793,0.0,199.42539978027344,0.0,0.0
167.60379028320312,0.0,204.73284912109375,0.0,0.0
167.82843685150146,0.0,210.05955505371094,0.0,0.0
168.05401253700256,0.0,214.82858276367188,0.0,0.0
168.278981924057,0.0,218.62071228027344,0.0,0.0
168.50478315353394,0.0,223.70863342285156,0.0,0.0
168.72950839996338,0.0,228.11276245117188,0.0,0.0
168.95485186576843,0.0,231.75148010253906,0.0,0.0
169.18008542060852,0.0,235.55133056640625,0.0,0.0
169.40544986724854,0.0,239.07118225097656,0.0,0.0
169.630597114563,0.0,242.6140594482422,0.0,0.0
169.85613322257996,0.0,246.22764587402344,0.0,0.0
170.08105421066284,0.0,249.27987670898438,0.0,0.0
170.306782245636,0.0,251.40188598632812,0.0,0.0
170.5285460948944,0.0,253.83668518066406,0.0,0.0
170.75296998023987,0.0,256.1280212402344,0.0,0.0
170.98235392570496,0.0,257.76519775390625,0.0,0.0
171.20786428451538,0.0,259.138671875,0.0,0.0
171.42999410629272,0.0,260.72479248046875,0.0,0.0
171.65404224395752,0.0,261.5273132324219,0.0,0.0
171.8792793750763,0.0,262.5745849609375,0.0,0.0
172.10484433174133,0.0,264.0921325683594,0.0,0.0
172.32966208457947,0.0,265.65789794921875,0.0,0.0
172.55521535873413,0.0,267.51708984375,0.0,0.0
172.78022718429565,0.0,269.2403869628906,0.0,0.0
173.0057442188263,0.0,271.2163391113281,0.0,0.0
173.23070883750916,0.0,272.8446960449219,0.0,0.0
173.45686388015747,0.0,273.8352355957031,0.0,0.0
173.68126916885376,0.0,275.251708984375,0.0,0.0
173.90674710273743,0.0,276.4015197753906,0.0,0.0
174.13210582733154,0.0,277.661376953125,0.0,0.0
174.35786700248718,0.0,279.1952209472656,0.0,0.0
174.5826756954193,0.0,280.4256896972656,0.0,0.0
174.80784559249878,0.0,281.30810546875,0.0,0.0
175.0331609249115,0.0,282.2023010253906,0.0,0.0
175.25817251205444,0.0,282.5320739746094,0.0,0.0
175.48377799987793,0.0,282.15386962890625,0.0,0.0
175.70897722244263,0.0,282.63848876953125,0.0,0.0
175.93478727340698,0.0,282.6246337890625,0.0,0.0
176.15928983688354,0.0,283.3871765136719,0.0,0.0
176.3804612159729,0.0,284.0234375,0.0,0.0
176.60602521896362,0.0,284.07110595703125,0.0,0.0
176.830908536911,0.0,284.4389953613281,0.0,0.0
177.0568823814392,0.0,286.4200744628906,0.0,0.0
177.28146719932556,0.0,287.2530517578125,0.0,0.0
177.50703930854797,0.0,287.8277282714844,0.0,0.0
177.73198580741882,0.0,286.2949523925781,0.0,0.0
177.9574704170227,0.0,284.5404357910156,0.0,0.0
178.1828010082245,0.0,282.7613830566406,0.0,0.0
178.40779614448547,0.0,281.38525390625,0.0,0.0
178.63377499580383,0.0,280.3717041015625,0.0,0.0
178.8583996295929,0.0,279.759521484375,0.0,0.0
179.08397221565247,0.0,279.48358154296875,0.0,0.0
179.3094334602356,0.0,279.3852233886719,0.0,0.0
179.5348162651062,0.0,279.2217102050781,0.0,0.0
179.7599983215332,0.0,278.7495422363281,0.0,0.0
179.98496508598328,0.0,278.3495788574219,0.0,0.0
180.21014022827148,0.0,278.1396179199219,0.0,0.0
180.43580985069275,0.0,278.2506408691406,0.0,0.0
180.6608600616455,0.0,278.4255676269531,0.0,0.0
180.88595724105835,0.0,278.53302001953125,0.0,0.0
181.11155319213867,0.0,277.8547058105469,0.0,0.0
181.33675456047058,0.0,277.39422607421875,0.0,0.0
181.56173038482666,0.0,276.2547912597656,0.0,0.0
181.78733491897583,0.0,275.0542907714844,0.0,0.0
182.008784532547,0.0,273.9488525390625,0.0,0.0
182.23359966278076,0.0,272.85394287109375,0.0,0.0
182.4588224887848,0.0,271.4685363769531,0.0,0.0
182.68413734436035,0.0,270.6716613769531,0.0,0.0
182.90993070602417,0.0,270.3544921875,0.0,0.0
183.13490676879883,0.0,270.06903076171875,0.0,0.0
183.35992169380188,0.0,269.86212158203125,0.0,0.0
183.58522629737854,0.0,270.0259094238281,0.0,0.0
183.81041049957275,0.0,270.19830322265625,0.0,0.0
184.03593015670776,0.0,270.2784729003906,0.0,0.0
184.261656999588,0.0,270.0506286621094,0.0,0.0
184.48676252365112,0.0,269.945556640625,0.0,0.0
184.71113681793213,0.0,269.9010009765625,0.0,0.0
184.93661165237427,0.0,269.83587646484375,0.0,0.0
185.16178154945374,0.0,269.90228271484375,0.0,0.0
185.38702869415283,0.0,269.8870544433594,0.0,0.0
185.61234331130981,0.0,269.7233581542969,0.0,0.0
185.83762383460999,0.0,269.72601318359375,0.0,0.0
186.06277894973755,0.0,269.7033996582031,0.0,0.0
186.28848600387573,0.0,269.55804443359375,0.0,0.0
186.5133500099182,0.0,269.1522216796875,0.0,0.0
186.73881244659424,0.0,269.2619934082031,0.0,0.0
186.9600555896759,0.0,269.3357849121094,0.0,0.0
187.18549823760986,0.0,269.2772216796875,0.0,0.0
187.41455674171448,0.0,269.29949951171875,0.0,0.0
187.6397750377655,0.0,269.39453125,0.0,0.0
187.86137080192566,0.0,269.53009033203125,0.0,0.0
188.08621263504028,0.0,269.67706298828125,0.0,0.0
188.31156635284424,0.0,269.9343566894531,0.0,0.0
188.53683304786682,0.0,270.39093017578125,0.0,0.0
188.76196718215942,0.0,270.7518310546875,0.0,0.0
188.9878113269806,0.0,271.1516418457031,0.0,0.0
189.21246814727783,0.0,271.2864685058594,0.0,0.0
189.43796014785767,0.0,271.20782470703125,0.0,0.0
189.6631360054016,0.0,270.9870300292969,0.0,0.0
189.88860774040222,0.0,270.7633056640625,0.0,0.0
190.11370754241943,0.0,270.511962890625,0.0,0.0
190.33884072303772,0.0,266.4857482910156,0.0,0.0
190.56418800354004,0.0,262.0121765136719,0.0,0.0
190.7900846004486,0.0,250.6109619140625,0.0,0.0
191.01491904258728,0.0,228.02487182617188,0.0,0.0
191.24003958702087,0.0,206.22238159179688,0.0,0.0
191.4658944606781,0.0,186.55014038085938,7.943389892578125,7.943389892578125
191.69092965126038,0.0,168.89512634277344,100.0,100.0
191.91588592529297,0.0,152.9556121826172,100.0,100.0
192.1413803100586,0.0,138.68504333496094,100.0,100.0
192.36679553985596,0.0,125.84153747558594,100.0,100.0
192.59188199043274,0.0,114.28237915039062,100.0,100.0
192.8169767856598,0.0,103.97914123535156,100.0,100.0
193.04285836219788,0.0,94.68122100830078,100.0,100.0
193.2673785686493,0.0,86.36309814453125,100.0,100.0
193.4888334274292,0.0,78.9267807006836,100.0,100.0
193.71797466278076,0.0,72.15910339355469,100.0,100.0
193.9436011314392,0.0,66.11819458007812,100.0,100.0
194.1683440208435,0.0,60.73137283325195,100.0,100.0
194.3895308971405,0.0,55.908233642578125,100.0,100.0
194.61479258537292,0.0,51.56740951538086,100.0,100.0
194.8407745361328,0.0,47.6856689453125,100.0,100.0
195.06589651107788,0.0,44.242103576660156,100.0,100.0
195.29092049598694,0.0,41.16789245605469,100.0,100.0
195.51625108718872,0.0,38.42610168457031,100.0,100.0
195.74182176589966,0.0,35.958492279052734,100.0,100.0
195.96682143211365,0.0,33.76264190673828,100.0,100.0
196.19202709197998,0.0,31.811376571655273,100.0,100.0
196.41707181930542,0.0,30.080238342285156,100.0,100.0
196.6425061225891,0.0,28.54721450805664,100.0,100.0
196.86788368225098,0.0,27.19249153137207,100.0,100.0
197.09298539161682,0.0,25.9482421875,100.0,100.0
197.31876516342163,0.0,24.803417205810547,100.0,100.0
197.54357290267944,0.0,23.773075103759766,100.0,100.0
197.7688694000244,0.0,22.920766830444336,100.0,100.0
197.99394416809082,0.0,22.153688430786133,100.0,100.0
198.21920657157898,0.0,21.46331787109375,100.0,100.0
198.44443535804749,0.0,20.866985321044922,100.0,100.0
198.67005729675293,0.0,20.330286026000977,99.1673583984375,99.1673583984375
198.89490461349487,0.0,19.872257232666016,88.36664581298828,88.36664581298828
199.12107729911804,0.0,19.485031127929688,78.1114730834961,78.1114730834961
199.3418209552765,0.0,19.13652801513672,68.62367248535156,68.62367248535156
199.5667064189911,0.0,18.847875595092773,59.62316131591797,59.62316131591797
199.79605197906494,0.0,18.58808708190918,51.330257415771484,51.330257415771484
200.0216314792633,0.0,18.304279327392578,44.15178680419922,44.15178680419922
200.2430763244629,0.0,18.148849487304688,36.585304260253906,36.585304260253906
200.4679412841797,0.0,18.008962631225586,29.671859741210938,29.671859741210938
200.69302129745483,0.0,17.88306427001953,23.356494903564453,23.356494903564453
200.91856575012207,0.0,17.794757843017578,17.359561920166016,17.359561920166016
201.1434829235077,0.0,17.715282440185547,11.903434753417969,11.903434753417969
201.3690688610077,0.0,17.643754959106445,6.939937591552734,6.939937591552734
201.59417867660522,0.0,17.554378509521484,2.654285430908203,2.654285430908203
201.8198847770691,0.0,17.523941040039062,0.0,0.0
202.04479241371155,0.0,17.496545791625977,0.0,0.0
202.27020287513733,0.0,17.471891403198242,0.0,0.0
202.4953076839447,0.0,17.474700927734375,0.0,0.0
202.7204418182373,0.0,17.477230072021484,0.0,0.0
202.94573283195496,0.0,17.504507064819336,0.0,0.0
203.17134976387024,0.0,17.529056549072266,0.0,0.0
203.39623308181763,0.0,17.551151275634766,0.0,0.0
203.62196159362793,0.0,18.72103500366211,0.0,0.0
203.84679746627808,0.0,18.673931121826172,0.0,0.0
204.0724892616272,0.0,18.5815372467041,0.0,0.0
204.29725050926208,0.0,18.52338218688965,0.0,0.0
204.52307772636414,0.0,18.47104263305664,0.0,0.0
204.74780368804932,0.0,18.373937606811523,0.0,0.0
204.97326922416687,0.0,18.3365421295166,0.0,0.0
205.19444751739502,0.0,18.32788848876953,0.0,0.0
205.42014241218567,0.0,18.320100784301758,0.0,0.0
205.64495754241943,0.0,18.288089752197266,0.0,0.0
205.8704173564911,0.0,18.28428077697754,0.0,0.0
206.0953221321106,0.0,18.280853271484375,0.0,0.0
206.32120513916016,0.0,18.25276756286621,0.0,0.0
206.54605984687805,0.0,18.252490997314453,0.0,0.0
206.77184391021729,0.0,18.252243041992188,0.0,0.0
206.99631333351135,0.0,18.277019500732422,0.0,0.0
207.22252440452576,0.0,18.27431869506836,0.0,0.0
207.44699835777283,0.0,18.271886825561523,0.0,0.0
207.67263913154602,0.0,18.269699096679688,0.0,0.0
207.8975009918213,0.0,18.292728424072266,0.0,0.0
208.1231746673584,0.0,18.31345558166504,0.0,0.0
208.3480167388916,0.0,18.307109832763672,0.0,0.0
208.5732228755951,0.0,18.351398468017578,0.0,0.0
208.7984492778778,0.0,18.391258239746094,0.0,0.0
209.02393126487732,0.0,18.42713165283203,0.0,0.0
209.24911522865295,0.0,18.45941734313965,0.0,0.0
209.47446179389954,0.0,18.4384765625,0.0,0.0
209.6997971534729,0.0,18.519628524780273,0.0,0.0
209.9250180721283,0.0,18.59266471862793,0.0,0.0
210.15059804916382,0.0,18.6083984375,0.0,0.0
210.37548184394836,0.0,18.672557830810547,0.0,0.0
210.60083532333374,0.0,18.70530128479004,0.0,0.0
210.82203888893127,0.0,18.759769439697266,0.0,0.0
211.04819345474243,0.0,18.758792877197266,0.0,0.0
211.27263164520264,0.0,18.782913208007812,0.0,0.0
211.49785017967224,0.0,18.829620361328125,0.0,0.0
211.72317957878113,0.0,18.87165641784668,0.0,0.0
211.94829726219177,0.0,18.884489059448242,0.0,0.0
212.1737027168274,0.0,18.921039581298828,0.0,0.0
212.39898085594177,0.0,18.97893524169922,0.0,0.0
212.62430787086487,0.0,19.006040573120117,0.0,0.0
212.84986519813538,0.0,19.03043556213379,0.0,0.0
213.07497119903564,0.0,19.052391052246094,0.0,0.0
213.30062866210938,0.0,18.99715232849121,0.0,0.0
213.5265510082245,0.0,19.072437286376953,0.0,0.0
